曲名,アーティスト,アニメ名,1回目,2回目,3回目,4回目,5回目,歌唱回数,声優,キャラソン,声優・ユニット名,6回目
リライト,ASIAN KUNG-FU GENERATION,鋼の錬金術師,False,False,False,False,False,0,False,False,,False
only my railgun,fripSide,とある科学の超電磁砲,False,False,False,False,False,0,False,False,,False
君の知らない物語,supercell,化物語,False,False,False,False,False,0,False,False,,False
ライオン,May'n,マクロスF（未）,False,False,False,False,False,0,False,False,,False
君のせい,the peggies,青春ブタ野郎はバニーガール先輩の夢を見ない,False,False,False,False,False,0,False,False,,False
センチメートル,the peggies,彼女，お借りします．,False,False,False,False,False,0,False,False,,False
DADDY ! DADDY ! DO !,Masayuki Suzuki,かぐや様は告らせたい,False,False,False,False,False,0,False,False,,False
コネクト,ClariS,魔法少女まどか☆マギカ,False,False,False,False,False,0,False,False,,False
No.1,DISH//,僕のヒーローアカデミア,False,False,False,False,False,0,False,False,,False
ロングホープ・フィリア,SUDA MASAKI,僕のヒーローアカデミア,False,False,False,False,False,0,False,False,,False
Daydream cafe,Petit Rabbit's,ご注文はうさぎですか？,False,False,False,False,False,0,False,True,,False
Cagayake!GIRLS,平沢唯(CV:豊崎愛生),けいおん!,False,False,False,False,False,0,False,True,,False
GO! GO! MANIAC,Ho - Kago Tea Time,けいおん!,False,False,False,False,False,0,False,True,,False
恋は渾沌の隷也,Ushirokarahaiyoritai G,這いよれ！ニャル子さん（未）,False,False,False,False,False,0,False,False,,False
恋愛サーキュレーション,物語シリーズ,化物語,False,False,False,False,False,0,True,False,花澤香菜,False
錠剤,TOOBOE,チェンソーマン,False,False,False,False,False,0,False,False,,False
CHAINSAW BLOOD,Vaundy,チェンソーマン,False,False,False,False,False,0,False,False,,False
フィクション,sumika,ヲタクに恋は難しい,False,False,False,False,False,0,False,False,,False
Hero too,KYOKA JIRO Starring Chrissy Costanza,僕のヒーローアカデミア,False,False,False,False,False,0,False,True,,False
足跡,the peggies,僕のヒーローアカデミア,False,False,False,False,False,0,False,False,,False
メリッサ,PornoGraffitti,鋼の錬金術師,False,False,False,False,False,0,False,False,,False
THE DAY,PornoGraffitti,僕のヒーローアカデミア,False,False,False,False,False,0,False,False,,False
恋のミクル伝説,朝比奈みくる (CV.後藤邑子),涼宮ハルヒの憂鬱,False,False,False,False,False,0,False,True,,False
ハレ晴レユカイ,涼宮ハルヒ (CV.平野 綾),涼宮ハルヒの憂鬱,False,False,False,False,False,0,False,True,,False
冒険でしょでしょ?,Aya Hirano,涼宮ハルヒの憂鬱,False,False,False,False,False,0,True,False,平野綾,False
departure!,Masatoshi Ono,Hanter×Hanter,False,False,False,False,False,0,False,False,,False
トウキョウ・シャンディ・ランデヴ,MAISONdes,うる星やつら（未）,False,False,False,False,False,0,False,False,,False
ようこそジャパリパークへ,Doubutsu Biscuits,けものフレンズ（未）,False,False,False,False,False,0,False,False,,False
廻廻奇譚,Eve,呪術廻戦,False,False,False,False,False,0,False,False,,False
"Don't say ""lazy""",平沢唯(CV:豊崎愛生),けいおん!,False,False,False,False,False,0,False,True,,False
ヒャダインのカカカタ☆カタオモイ-C,HYADAIN,日常,False,False,False,False,False,0,False,False,,False
BABY!,the peggies,青春ブタ野郎はバニーガール先輩の夢を見ない,False,False,False,False,False,0,False,False,,False
ファイトソング,Eve,チェンソーマン,False,False,False,False,False,0,False,False,,False
ノーポイッ!,Petit Rabbit's,ご注文はうさぎですか？,False,False,False,False,False,0,False,True,,False
ときめきポポロン♪,チマメ隊,ご注文はうさぎですか？,False,False,False,False,False,0,False,True,,False
魔法少女チノ,チノ(水瀬いのり,ご注文はうさぎですか？,False,False,False,False,False,0,False,True,,False
Sparkling Daydream,ZAQ,中二病でも恋がしたい!,False,False,False,False,False,0,False,False,,False
INSIDE IDENTITY,ZAQ,中二病でも恋がしたい!,False,False,False,False,False,0,False,False,,False
恋してる自分すら愛せるんだ,こはならむ,僕の心のヤバいやつ,False,False,False,False,False,0,False,False,,False
CLICK,ClariS,ニセコイ,False,False,False,False,False,0,False,False,,False
Glitter,sumika,カッコウの許嫁,False,False,False,False,False,0,False,False,,False
一番の宝物 - Crow Ver.,marina,Angel Beats!,False,False,False,False,False,0,False,False,,False
絶絶絶絶対聖域,ano,デッドデッドデーモンズデデデデデストラクション,False,False,False,False,False,0,False,False,,False
君へ,ZAQ,中二病でも恋がしたい!,False,False,False,False,False,0,False,False,,False
ここで生きてる,MARY,探偵はもう死んでいる,False,False,False,False,False,0,False,False,,False
鼓動,カグラナナ,探偵はもう死んでいる,False,False,False,False,False,0,False,False,,False
さふぁいあ☆ふぁんたずむ,斎川唯(CV.高尾奏音),探偵はもう死んでいる,False,False,False,False,False,0,False,True,,False
Hacking to the Gate,いとうかなこ,STEINS;GATE,False,False,False,False,False,0,False,False,,False
なかよし!〇!なかよし!,チマメ隊,ご注文はうさぎですか？,False,False,False,False,False,0,False,True,,False
unravel,TK from Ling tosite sigure,東京喰種,False,False,False,False,False,0,False,False,,False
Utauyo!!MIRACLE,Ho - Kago Tea Time, けいおん!,False,False,False,False,False,0,False,True,,False
もってけ！セーラーふく,泉こなた (CV.平野 綾),らき☆すた,False,False,False,False,False,0,False,True,,False
This game,Konomi Suzuki,ノーゲーム・ノーライフ,False,False,False,False,False,0,False,False,,False
DAYS of DASH,Konomi Suzuki,さくら荘のペットな彼女,False,False,False,False,False,0,False,False,,False
ゆりゆららららゆるゆり大事件,Nanamori-Chu☆Goraku-Bu,ゆるゆり,False,False,False,False,False,0,False,True,,False
ちいさな日々,flumpool,かくしごと,False,False,False,False,False,0,False,False,,False
君色のキセキ,Yui Ogura,ワンルーム，日当たり普通，天使付き．,False,False,False,False,False,0,True,False,小倉唯,False
Os-宇宙人,エリオをかまってちゃん,電波女と青春男,False,False,False,False,False,0,False,False,,False
PunIshment thIs worLd-VOICE-Episode.Φ,ZAQ,中二病でも恋がしたい!,False,False,False,False,False,0,False,False,,False
JOURNEY,ZAQ,中二病でも恋がしたい!,False,False,False,False,False,0,False,False,,False
"Please,Take on me♡",ZAQ,中二病でも恋がしたい!,False,False,False,False,False,0,False,False,,False
マイナーピース,ZAQ,ようこそ実力至上主義の教室へ,False,False,False,False,False,0,False,False,,False
Dance In The Game,ZAQ,ようこそ実力至上主義の教室へ,False,False,False,False,False,0,False,False,,False
カーストルーム,ZAQ,ようこそ実力至上主義の教室へ,False,False,False,False,False,0,False,False,,False
誰我為,TK from Ling tosite sigure,僕のヒーローアカデミア,False,False,False,False,False,0,False,False,,False
かくしん的☆めたまるふぉ〜ぜっ!,土間うまる(CV:田中あいみ),干物娘!うまるちゃん,False,False,False,False,False,0,False,True,,False
名前のない怪物,EGOIST,PSYCHO-PASS,False,False,False,False,False,0,False,False,,False
chAngE,miwa,BLEACH,False,False,False,False,False,0,False,False,,False
タクト,ryo (supercell),tact op.Destiny（未）,False,False,False,False,False,0,False,False,,False
The Girls Are Alright!,saya,宇宙よりも遠い場所,False,False,False,False,False,0,False,False,,False
ここから、ここから,玉木マリ(CV:水瀬いのり),宇宙よりも遠い場所,False,False,False,False,False,0,False,True,,False
嘘じゃない,ZUTOMAYO,好きでも嫌いなあまのじゃく（未）,False,False,False,False,False,0,False,False,,False
irony,ClariS,俺の妹がこんなに可愛いわけがない,False,False,False,False,False,0,False,False,,False
reunion,ClariS,俺の妹がこんなに可愛いわけがない,False,False,False,False,False,0,False,False,,False
モノクロ☆HAPPY DAY - Small Chic Dance Remix,Kana Hanazawa,俺の妹がこんなに可愛いわけがない,False,False,False,False,False,0,True,False,花澤香菜,False
abnormalize,Ling tosite sigure,PSYCHO-PASS,False,False,False,False,False,0,False,False,,False
veil,須田景凪,炎炎の消防隊,False,False,False,False,False,0,False,False,,False
All Alone With You,EGOIST,PSYCHO-PASS,False,False,False,False,False,0,False,False,,False
Fallen,EGOIST,PSYCHO-PASS,False,False,False,False,False,0,False,False,,False
君は天然色,大滝詠一,かくしごと,False,False,False,False,False,0,False,False,,False
君は天然色 - ～後藤 姫ver.～,後藤 姫(CV:高橋李依),かくしごと,False,False,False,False,False,0,False,True,,False
デネブとスピカ,DIALOGUE+,継母の連れ子が元カノだった,False,False,False,False,False,0,False,False,,False
Q-vism,Who-ya Extended,PSYCHO-PASS,False,False,False,False,False,0,False,False,,False
創聖のアクエリオン,AKINO,創聖のアクエリオン（未）,False,False,False,False,False,0,False,False,,False
ハルカミライ,KANKAKU PIERO,ブラッククローバー（未）,False,False,False,False,False,0,False,False,,False
名前のない青,"Kami-sama, I have noticed",映像研には手を出すな！,False,False,False,False,False,0,False,False,,False
いぇす!ゆゆゆ☆ゆるゆり♪♪,Nanamori-Chu☆Goraku-Bu,ゆるゆり,False,False,False,False,False,0,False,True,,False
マイペースでいきましょう,Nanamori-Chu☆Goraku-Bu,ゆるゆり,False,False,False,False,False,0,False,True,,False
Sunny Canvas,サンドリオン,ワンルーム，日当たり普通，天使付き．,False,False,False,False,False,0,True,False,サンドリオン,False
ALIVE,ClariS,リコリス・リコイル,False,False,False,False,False,0,False,False,,False
声?,はてな,D r .STONE（未）,False,False,False,False,False,0,False,False,,False
ぼくらの,Eve,僕のヒーローアカデミア,False,False,False,False,False,0,False,False,,False
天空カフェテリア,Petit Rabbit's,ご注文はうさぎですか？,False,False,False,False,False,0,False,True,,False
ぽっぴんジャンプ♪,チマメ隊,ご注文はうさぎですか？,False,False,False,False,False,0,False,True,,False
セカイがカフェになっちゃった!,Petit Rabbit's with beans,ご注文はうさぎですか？,False,False,False,False,False,0,False,True,,False
しんがーそんぐぱやぽやメロディー,Petit Rabbit's with beans,ご注文はうさぎですか？,False,False,False,False,False,0,False,True,,False
魔女っ娘ミラクるん♪,魔女っ娘ミラクるん(CV:竹達彩奈),ゆるゆり,False,False,False,False,False,0,False,True,,False
よんでミラクるん!,魔女っ娘ミラクるん(CV:竹達彩奈),ゆるゆり,False,False,False,False,False,0,False,True,,False
100%ちゅ~学生,Nanamori-Chu☆Goraku-Bu,ゆるゆり,False,False,False,False,False,0,False,True,,False
ゆるゆりんりんりんりんりん,Nanamori-Chu☆Goraku-Bu,ゆるゆり,False,False,False,False,False,0,False,True,,False
アフタースクールデイズ,Nanamori-Chu☆Goraku-Bu,ゆるゆり,False,False,False,False,False,0,False,True,,False
ゆりしゅらしゅしゅしゅ,Nanamori-Chu☆Goraku-Bu,ゆるゆり,False,False,False,False,False,0,False,True,,False
ちょちょちょ!ゆるゆり☆かぷりっちょ!!!,Nanamori-Chu☆Goraku-Bu,ゆるゆり,False,False,False,False,False,0,False,True,,False
あっちゅ～ま青春!,Nanamori-Chu☆Goraku-Bu,ゆるゆり,False,False,False,False,False,0,False,True,,False
おひるねゆにばーす,Nanamori-Chu☆Goraku-Bu,ゆるゆり,False,False,False,False,False,0,False,True,,False
漆黒に躍る弧濁覇王節,ZAQ,中二病でも恋がしたい!,False,False,False,False,False,0,False,False,,False
深淵に舞う戦慄謝肉祭,ZAQ,中二病でも恋がしたい!,False,False,False,False,False,0,False,False,,False
こころのなまえ,ZAQ,中二病でも恋がしたい!,False,False,False,False,False,0,False,False,,False
VOICE,ZAQ,中二病でも恋がしたい!,False,False,False,False,False,0,False,False,,False
だってアタシのヒーロー。,LiSA,僕のヒーローアカデミア,False,False,False,False,False,0,False,False,,False
アップデート,miwa,僕のヒーローアカデミア,False,False,False,False,False,0,False,False,,False
SKETCH,Kiro Akiyama,僕のヒーローアカデミア,False,False,False,False,False,0,False,False,,False
NAME,綴,好きな子がめがねを忘れた,False,False,False,False,False,0,False,False,,False
メガネゴーラウンド,マサヨシがめがねを忘れた(小村くんと三重さんとオーイシマサヨシ),好きな子がめがねを忘れた,False,False,False,False,False,0,False,True,,False
Love with You,fripSide,寄宿学校のジュリエット,False,False,False,False,False,0,False,False,,False
ワガママMIRROR HEART,大橋彩香,政宗くんのリベンジ,False,False,False,False,False,0,True,False,大橋彩香,False
"Please, please!",大橋彩香,政宗くんのリベンジ,False,False,False,False,False,0,True,False,大橋彩香,False
Elemental World,ChouCho,政宗くんのリベンジ,False,False,False,False,False,0,False,False,,False
twilight little star,ChouCho,政宗くんのリベンジ,False,False,False,False,False,0,False,False,,False
おもいでしりとり,DIALOGUE+,ひげを剃る．そして女子高生を拾う．,False,False,False,False,False,0,True,False,DIALOGUE+,False
ガヴリールドロップキック,ガヴリール(CV:富田美憂),ガヴリールドロップアウト,False,False,False,False,False,0,False,True,,False
ハレルヤ☆エッサイム,ガヴリール(CV:富田美憂),ガヴリールドロップアウト,False,False,False,False,False,0,False,True,,False
エクストラ・マジック・アワー,AKINO with bless4,甘城ブリリアントパーク,False,False,False,False,False,0,False,False,,False
エレメンタリオで会いましょう！,BRILLIANT4,甘城ブリリアントパーク,False,False,False,False,False,0,False,False,,False
Be Starters!,Eri Kitamura,まよチキ!,False,False,False,False,False,0,True,False,喜多村英梨,False
ぼなぺてぃーと▽S,ブレンド・A,ブレンド・S,False,False,False,False,False,0,False,True,,False
デタラメなマイナスとプラスにおけるブレンド考,ブレンド・A,ブレンド・S,False,False,False,False,False,0,False,True,,False
私がモテないのはどう考えてもお前らが悪い,Konomi Suzuki,私がモテないのはどう考えてもお前らが悪い!（未）,False,False,False,False,False,0,False,False,,False
リアルワールド,nano.RIPE,人類は衰退しました,False,False,False,False,False,0,False,False,,False
星間飛行,ランカ・リー=中島愛,マクロスF（未）,False,False,False,False,False,0,False,True,,False
きみがくれたシャイニーストーリー,Nanamori-Chu☆Goraku-Bu,ゆるゆり,False,False,False,False,False,0,False,True,,False
staple stable,物語シリーズ,化物語,False,False,False,False,False,0,False,True,,False
はじまりの速度,Sangatsu no Phantasia,キズナイーバー,False,False,False,False,False,0,False,False,,False
相思相愛,aiko,名探偵コナン,False,False,False,False,False,0,False,False,,False
狂乱 Hey Kids!!,THE ORAL CIGARETTES,ノラガミ,False,False,False,False,False,0,False,False,,False
ニッポン笑顔百景,Momokurotei Ichimon,じょしらく,False,False,False,False,False,0,False,False,,False
お後がよろしくって…よ！,Ceorie,じょしらく,False,False,False,False,False,0,False,True,,False
ピンクレモネード,Sangatsu no Phantasia,ベルゼブブ嬢のお気に召すまま．,False,False,False,False,False,0,False,False,,False
人生イージー?,DIALOGUE+,弱キャラ友崎くん,False,False,False,False,False,0,True,False,DIALOGUE+,False
イージー?ハード?しかして進めっ!,DIALOGUE+,弱キャラ友崎くん,False,False,False,False,False,0,True,False,DIALOGUE+,False
誰かじゃないから,DIALOGUE+,弱キャラ友崎くん,False,False,False,False,False,0,True,False,DIALOGUE+,False
あやふわアスタリスク,DIALOGUE+,弱キャラ友崎くん,False,False,False,False,False,0,True,False,DIALOGUE+,False
午夜の待ち合わせ,Hello Sleepwalkers,ノラガミ,False,False,False,False,False,0,False,False,,False
ハートリアライズ,Tia,ノラガミ,False,False,False,False,False,0,False,False,,False
それは小さな光のような,Sayuri,僕だけがいない街（未）,False,False,False,False,False,0,False,False,,False
ミカヅキ,Sayuri,乱歩奇譚（未）,False,False,False,False,False,0,False,False,,False
ふぉりら,ClariS,カノジョも彼女（未）,False,False,False,False,False,0,False,False,,False
エンペラータイム,ビバラッシュ,多数欠,False,False,False,False,False,0,False,False,,False
GAME OVER,issey,多数欠,False,False,False,False,False,0,False,False,,False
ID,Cidergirl,炎炎の消防隊,False,False,False,False,False,0,False,False,,False
SPARK-AGAIN,Aimer,炎炎の消防隊,False,False,False,False,False,0,False,False,,False
ニルバナ,Tia,ノラガミ,False,False,False,False,False,0,False,False,,False
あ・え・い・う・え・お・あお!!,劇団ひととせ[桜木ひな子(CV:M・A・O)/夏川くいな(CV:富田美憂)/柊 真雪(CV:小倉 唯)/萩野千秋(CV:東城日沙子)/中島ゆあ(CV:高野麻里佳)],ひなこのーと,False,False,False,False,False,0,False,True,,False
一緒に帰ろう,桜木ひな子(CV:M・A・O),ひなこのーと,False,False,False,False,False,0,False,True,,False
アドリブ,七倉 凛(CV:早見沙織),擬似ハーレム,False,False,False,False,False,0,False,True,,False
ブラウス,GOHOBI,擬似ハーレム,False,False,False,False,False,0,False,False,,False
あれが恋だったのかな,whaledontsleep,先輩はおとこのこ（未）,False,False,False,False,False,0,False,False,,False
夢路らびりんす,らびりんず 千矢(CV.原田彩楓)&紺(CV.本渡 楓)&小梅(CV.久保ユリカ)&ノノ(CV.佳村はるか),うらら迷路帖,False,False,False,False,False,0,False,True,,False
go to Romance>>>>>,Luce Twinkle Wink☆,うらら迷路帖,False,False,False,False,False,0,False,True,,False
我がまま,whaledontsleep,先輩はおとこのこ（未）,False,False,False,False,False,0,False,False,,False
パラレルなハート,Maaya Uchida,恋は双子で割り切れない,False,False,False,False,False,0,True,False,内田真礼,False
ハニーシトロン,神宮寺琉実 (CV.後本萌葉),恋は双子で割り切れない,False,False,False,False,False,0,False,True,,False
町かどタンジェント,shami momo,まちかどまぞく,False,False,False,False,False,0,False,True,,False
よいまちカンターレ,Coro Machikado,まちかどまぞく,False,False,False,False,False,0,False,True,,False
ときめきランデヴー,shami momo,まちかどまぞく,False,False,False,False,False,0,False,True,,False
宵加減テトラゴン,Coro Machikado,まちかどまぞく,False,False,False,False,False,0,False,True,,False
SAKURAスキップ,fourfolium,NEW GAME,False,False,False,False,False,0,False,True,,False
Now Loading!!!!,fourfolium,NEW GAME,False,False,False,False,False,0,False,True,,False
STEP by STEP UP↑↑↑↑,fourfolium〔涼風青葉(CV:高田憂希)/滝本ひふみ(CV:山口愛)/篠田はじめ(CV:戸田めぐみ)/飯島ゆん(CV:竹尾歩美)〕,NEW GAME,False,False,False,False,False,0,False,True,,False
JUMPin' JUMP UP!!!!,fourfolium〔涼風青葉(CV:高田憂希)/滝本ひふみ(CV:山口愛)/篠田はじめ(CV:戸田めぐみ)/飯島ゆん(CV:竹尾歩美)〕,NEW GAME,False,False,False,False,False,0,False,True,,False
ユメイロコンパス,fourfolium〔涼風青葉(CV:高田憂希)/滝本ひふみ(CV:山口愛)/篠田はじめ(CV:戸田めぐみ)/飯島ゆん(CV:竹尾歩美)〕,NEW GAME,False,False,False,False,False,0,False,True,,False
Ring of Fortune,佐々木恵梨,プラスティック・メモリーズ,False,False,False,False,False,0,False,False,,False
朝焼けのスターマイン,今井麻美,プラスティック・メモリーズ,False,False,False,False,False,0,True,False,今井麻美,False
ワンダー!,フルーツタルト,おちこぼれフルーツタルト,False,False,False,False,False,0,False,True,,False
キボウだらけのEVERYDAY,フルーツタルト,おちこぼれフルーツタルト,False,False,False,False,False,0,False,True,,False
Memories,こみっくがーるず,こみっくがーるず,False,False,False,False,False,0,False,True,,False
涙はみせない,こみっくがーるず,こみっくがーるず,False,False,False,False,False,0,False,True,,False
クローバー♣かくめーしょん,とりぷる▲ふぃーりんぐ,三者三葉,False,False,False,False,False,0,False,True,,False
ぐーちょきパレード,とりぷる▲ふぃーりんぐ,三者三葉,False,False,False,False,False,0,False,True,,False
アイウエ,MAISONdes,うる星やつら（未）,False,False,False,False,False,0,False,False,,False
スクールはいたっち!,とりぷる▲ふぃーりんぐ,三者三葉,False,False,False,False,False,0,False,True,,False
全力☆Summer!,angela,アホガール,False,False,False,False,False,0,False,False,,False
踊れ！きゅーきょく哲学,Sumire Uesaka,アホガール,False,False,False,False,False,0,True,False,上坂すみれ,False
Skyreach,Amamiya Sora,アカメが斬る,False,False,False,False,False,0,True,False,雨宮天,False
こんな世界、知りたくなかった。,Miku Sawai,アカメが斬る,False,False,False,False,False,0,False,False,,False
Liar Mask,真山りか,アカメが斬る,False,False,False,False,False,0,False,False,,False
月灯り,Amamiya Sora,アカメが斬る,False,False,False,False,False,0,True,False,雨宮天,False
花ハ踊レヤいろはにほ,チーム“ハナヤマタ”,ハナヤマタ,False,False,False,False,False,0,False,True,,False
花雪,smileY inc.,ハナヤマタ,False,False,False,False,False,0,True,False,smileY inc.,False
コドクシグナル,Need Cool Quality,ハナヤマタ,False,False,False,False,False,0,False,True,,False
ニルヴァーナ,MUCC,妖狐SS,False,False,False,False,False,0,False,False,,False
sweets parade - lyrical Remix,Kana Hanazawa,妖狐SS,False,False,False,False,False,0,True,False,花澤香菜,False
太陽と月,真壁一騎(CV:石井真),妖狐SS,False,False,False,False,False,0,False,True,,False
青春サツバツ論 - Full size,3年E組うた担(渚&茅野&業&磯貝&前原),暗殺教室,False,False,False,False,False,0,False,True,,False
"Hello, shooting-star",moumoon,暗殺教室,False,False,False,False,False,0,False,False,,False
恋をしたのは,aiko,聲の形,False,False,False,False,False,0,False,False,,False
自力本願レボリューション,3年E組うた担(渚&茅野&業&磯貝&前原),暗殺教室,False,False,False,False,False,0,False,True,,False
QUESTION,3年E組うた担(渚&茅野&業&磯貝&前原),暗殺教室,False,False,False,False,False,0,False,True,,False
欠けた月,Shion Miyawaki,暗殺教室,False,False,False,False,False,0,False,False,,False
また君に会える日,Shion Miyawaki,暗殺教室,False,False,False,False,False,0,False,False,,False
バイバイ YESTERDAY,3年E組うた担(渚&茅野&業&磯貝&前原),暗殺教室,False,False,False,False,False,0,False,True,,False
旅立ちのうた,3年E組,暗殺教室,False,False,False,False,False,0,False,True,,False
なだめスかし Negotiation,Kano,宇崎ちゃんは遊びたい,False,False,False,False,False,0,False,False,,False
ココロノック,YuNi,宇崎ちゃんは遊びたい,False,False,False,False,False,0,False,False,,False
どきどきアイデアをよろしく!,稲垣好,Do it Yourself!,False,False,False,False,False,0,True,False,稲垣好,False
続く話,稲垣好,Do it Yourself!,False,False,False,False,False,0,True,False,稲垣好,False
なないろびより,nano.RIPE,のんのんびより,False,False,False,False,False,0,False,False,,False
のんのん日和,宮内れんげ (CV.小岩井ことり),のんのんびより,False,False,False,False,False,0,False,True,,False
こだまことだま,nano.RIPE,のんのんびより,False,False,False,False,False,0,False,False,,False
おかえり,宮内れんげ (CV.小岩井ことり),のんのんびより,False,False,False,False,False,0,False,True,,False
つぎはぎもよう,nano.RIPE,のんのんびより,False,False,False,False,False,0,False,False,,False
ただいま,宮内れんげ (CV.小岩井ことり),のんのんびより,False,False,False,False,False,0,False,True,,False
あおのらくがき,nano.RIPE,のんのんびより,False,False,False,False,False,0,False,False,,False
おもいで,宮内れんげ (CV.小岩井ことり),のんのんびより,False,False,False,False,False,0,False,True,,False
Checkmate!?,MICHI,だがしかし,False,False,False,False,False,0,False,False,,False
Hey!カロリーQueen,Ayana Taketatsu,だがしかし,False,False,False,False,False,0,True,False,竹達彩奈,False
OH MY シュガーフィーリング!!,Ayana Taketatsu,だがしかし,False,False,False,False,False,0,True,False,竹達彩奈,False
おかしなわたしとはちみつのきみ,Hachimitsu Rocket,だがしかし,False,False,False,False,False,0,False,False,,False
†吸tie Ladies†,ソフィー・トワイライト (CV: 富田美憂),となりの吸血鬼さん,False,False,False,False,False,0,False,True,,False
HAPPY!! ストレンジフレンズ,ソフィー・トワイライト (CV: 富田美憂),となりの吸血鬼さん,False,False,False,False,False,0,False,True,,False
優しい彗星,YOASOBI,BEASTARS,False,False,False,False,False,0,False,False,,False
Flop Around,和泉沢愛生(CV:伊藤美来),恋愛フロップス,False,False,False,False,False,0,False,True,,False
Love? Reason why!!,Konomi Suzuki,恋愛フロップス,False,False,False,False,False,0,False,False,,False
lost in the white,井澤 愛(CV:伊藤美来),恋愛フロップス,False,False,False,False,False,0,False,True,,False
オリジナル。,TrySail,亜人ちゃんは語りたい,False,False,False,False,False,0,True,False,TrySail,False
フェアリーテイル,Sangatsu no Phantasia,亜人ちゃんは語りたい,False,False,False,False,False,0,False,False,,False
あの娘にドロップキック,邪神★ガールズ,邪神ちゃんドロップキック,False,False,False,False,False,0,False,True,,False
Home Sweet Home !,Yutaro Miura,邪神ちゃんドロップキック,False,False,False,False,False,0,False,False,,False
時としてバイオレンス,halca,邪神ちゃんドロップキック,False,False,False,False,False,0,False,False,,False
Love Satisfaction,Zamb,邪神ちゃんドロップキック,False,False,False,False,False,0,False,False,,False
あれこれドラスティック,halca,邪神ちゃんドロップキック,False,False,False,False,False,0,False,False,,False
流線形メーデー,花譜,邪神ちゃんドロップキック,False,False,False,False,False,0,False,False,,False
ふ･れ･ん･ど･し･た･い,学園生活部,がっこうぐらし,False,False,False,False,False,0,False,True,,False
Spirit Inspiration,Nothing’s Carved In Stone,絶園のテンペスト,False,False,False,False,False,0,False,False,,False
happy endings,Kana Hanazawa,絶園のテンペスト,False,False,False,False,False,0,True,False,花澤香菜,False
大好きなのに,Kylee,絶園のテンペスト,False,False,False,False,False,0,False,False,,False
僕たちの歌,Tomohisa Sako,絶園のテンペスト,False,False,False,False,False,0,False,False,,False
Fantastic future,Yukari Tamura,変態王子と笑わない猫,False,False,False,False,False,0,True,False,田村ゆかり,False
Baby Sweet Berry Love,Yui Ogura,変態王子と笑わない猫,False,False,False,False,False,0,True,False,小倉唯,False
閃きハートビート,伊藤美来,上野さんは不器用,False,False,False,False,False,0,True,False,伊藤美来,False
マイペース・サイエンス,上野 (CV: 芹澤 優),上野さんは不器用,False,False,False,False,False,0,False,True,,False
ラブミーサイエンス,上野 (CV: 芹澤 優),上野さんは不器用,False,False,False,False,False,0,False,True,,False
放課後トラベラー,上野 (CV: 芹澤 優),上野さんは不器用,False,False,False,False,False,0,False,True,,False
コスモルミナ,上野 (CV: 芹澤 優),上野さんは不器用,False,False,False,False,False,0,False,True,,False
不器用センセーション,上野 (CV: 芹澤 優),上野さんは不器用,False,False,False,False,False,0,False,True,,False
心のふりこ,上野 (CV: 芹澤 優),上野さんは不器用,False,False,False,False,False,0,False,True,,False
秘密の扉から会いにきて,Yukari Tamura,のうりん,False,False,False,False,False,0,True,False,田村ゆかり,False
アイマイモコ,Inori Minase,徒然チルドレン,False,False,False,False,False,0,True,False,水瀬いのり,False
Dear,Yui Ogura,徒然チルドレン,False,False,False,False,False,0,True,False,小倉唯,False
SHINY DAYS,亜咲花,ゆるキャン,False,False,False,False,False,0,False,False,,False
ふゆびより,佐々木恵梨,ゆるキャン,False,False,False,False,False,0,False,False,,False
君に恋を結んで,甘神三姉妹,甘神さんちの縁結び,False,False,False,False,False,0,False,True,,False
アノーイング!さんさんウィーク!,五十嵐双葉(CV:楠木ともり)、桜井桃子(CV:早見沙織)、黒部夏美(CV:青山玲菜)、月城モナ(CV:古賀葵),先輩がうざい後輩の話,False,False,False,False,False,0,False,True,,False
虹が架かるまでの話,Yui Horie,先輩がうざい後輩の話,False,False,False,False,False,0,True,False,堀江由衣,False
TAIDADA,ZUTOMAYO,ダンダダン,False,False,False,False,False,0,False,False,,False
やわく恋して ～ずっと僕らでいられますように～,Momoiro Clover Z,甘神さんちの縁結び,False,False,False,False,False,0,False,False,,False
エクリプス,NACHERRY,4人はそれぞれ嘘をつく,False,False,False,False,False,0,True,False,NACHERRY,False
For 4 Forever,リッカ (CV.田中ちえ美,4人はそれぞれ嘘をつく,False,False,False,False,False,0,False,True,,False
The Sunshower,亜咲花,ゆるキャン,False,False,False,False,False,0,False,False,,False
Seize The Day,亜咲花,ゆるキャン,False,False,False,False,False,0,False,False,,False
はるのとなり,佐々木恵梨,ゆるキャン,False,False,False,False,False,0,False,False,,False
レイドバックジャーニー,キミのね,ゆるキャン,False,False,False,False,False,0,False,False,,False
So Precious,亜咲花,ゆるキャン,False,False,False,False,False,0,False,False,,False
ミモザ,佐々木恵梨,ゆるキャン,False,False,False,False,False,0,False,False,,False
五等分の笑顔,中野家の五つ子,五等分の花嫁,False,False,False,False,False,0,False,True,,False
メモリーズ,中野家の五つ子,五等分の花嫁,False,False,False,False,False,0,False,True,,False
生きてる生きてく,Masaharu Fukuyama,ドラえもん,False,False,False,False,False,0,False,False,,False
幸せについて私が知っている５つの方法,Maaya Sakamoto,幸福グラフィティ,False,False,False,False,False,0,True,False,坂本真綾,False
笑顔になる,リョウときりん(佐藤利奈と大亀あすか),幸福グラフィティ,False,False,False,False,False,0,False,True,,False
W:Wonder tale,Yukari Tamura,俺の彼女と幼なじみが修羅場すぎる,False,False,False,False,False,0,True,False,田村ゆかり,False
Little Busters! - TV Animation Ver.,Rita,リトルバスターズ,False,False,False,False,False,0,False,False,,False
Alicemagic,Rita,リトルバスターズ,False,False,False,False,False,0,False,False,,False
鳥の詩 - Live at STUDIO COAST 東京 2008,Lia,AiR,False,False,False,False,False,0,False,False,,False
おとずれ,tricot,君は冥土様．,False,False,False,False,False,0,False,False,,False
表情差分,DUSTCELL,君は冥土様．,False,False,False,False,False,0,False,False,,False
オーダーメイド,Mafumafu,株式会社マジルミエ,False,False,False,False,False,0,False,False,,False
ワークアウト,syudou,株式会社マジルミエ,False,False,False,False,False,0,False,False,,False
恋衣,ARCANA PROJECT,もののがたり,False,False,False,False,False,0,False,False,,False
rebind,TRUE,もののがたり,False,False,False,False,False,0,False,False,,False
誰が為,メガテラ・ゼロ,もののがたり,False,False,False,False,False,0,False,False,,False
プライベート・ルーム,田所あずさ,もののがたり,False,False,False,False,False,0,True,False,田所あずさ,False
経験値上昇中☆,南春香(CV:佐藤利奈),みなみけ,False,False,False,False,False,0,False,True,,False
カラフルDAYS,南春香(CV:佐藤利奈),みなみけ,False,False,False,False,False,0,False,True,,False
経験値速上々↑↑,南春香(CV:佐藤利奈),みなみけ,False,False,False,False,False,0,False,True,,False
ココロノツバサ,南春香(CV:佐藤利奈),みなみけ,False,False,False,False,False,0,False,True,,False
その声が聴きたくて,南春香(CV:佐藤利奈),みなみけ,False,False,False,False,False,0,False,True,,False
シアワセ☆ハイテンション↑↑,南春香(CV:佐藤利奈),みなみけ,False,False,False,False,False,0,False,True,,False
急接近ラッキーDAYS,南春香(CV:佐藤利奈),みなみけ,False,False,False,False,False,0,False,True,,False
ギターと孤独と蒼い惑星,結束バンド,ぼっちざろっく,False,False,False,False,False,0,False,True,,False
Distortion!!,結束バンド,ぼっちざろっく,False,False,False,False,False,0,False,True,,False
星座になれたら,結束バンド,ぼっちざろっく,False,False,False,False,False,0,False,True,,False
忘れてやらない,結束バンド,ぼっちざろっく,False,False,False,False,False,0,False,True,,False
99,MOB CHOIR,モブサイコ100,False,False,False,False,False,0,False,False,,False
リフレインボーイ,ALL OFF,モブサイコ100,False,False,False,False,False,0,False,False,,False
99.9,MOB CHOIR,モブサイコ100,False,False,False,False,False,0,False,False,,False
グレイ,sajou no hana,モブサイコ100,False,False,False,False,False,0,False,False,,False
メモセピア,sajou no hana,モブサイコ100,False,False,False,False,False,0,False,False,,False
1,MOB CHOIR,モブサイコ100,False,False,False,False,False,0,False,False,,False
スリピス,本田華子(CV:木野日菜),あそびあそばせ,False,False,False,False,False,0,False,True,,False
プレパレード,逢坂大河・櫛枝実乃梨・川嶋亜美(釘宮理恵、堀江由衣、喜多村英梨),あそびあそばせ,False,False,False,False,False,0,False,True,,False
バニラソルト,Yui Horie,とらドラ！,False,False,False,False,False,0,True,False,堀江由衣,False
インキャインパルス,本田華子(CV:木野日菜),とらドラ！,False,False,False,False,False,0,False,True,,False
silky heart,Yui Horie,とらドラ！,False,False,False,False,False,0,True,False,堀江由衣,False
オレンジ,逢坂大河・櫛枝実乃梨・川嶋亜美(釘宮理恵、堀江由衣、喜多村英梨),とらドラ！,False,False,False,False,False,0,False,True,,False
ホーリーナイト,逢坂大河・川嶋亜美(釘宮理恵、喜多村英梨),とらドラ！,False,False,False,False,False,0,False,True,,False
Zzz,佐咲紗花,日常,False,False,False,False,False,0,False,False,,False
ヒャダインのじょーじょーゆーじょー,HYADAIN,日常,False,False,False,False,False,0,False,False,,False
優しさの理由,ChouCho,氷菓,False,False,False,False,False,0,False,False,,False
Morning Arch,河野 マリナ,Aチャンネル,False,False,False,False,False,0,True,False,河野 マリナ,False
バルーンシアター,河野 マリナ,Aチャンネル,False,False,False,False,False,0,True,False,河野 マリナ,False
季節は次々死んでいく,amazarashi,東京喰種,False,False,False,False,False,0,False,False,,False
Endless Story,Yukari Tamura,シーキューブ,False,False,False,False,False,0,True,False,田村ゆかり,False
雪華,Eri Kitamura,シーキューブ,False,False,False,False,False,0,True,False,喜多村英梨,False
Sympathy of Love,Yukari Tamura,シーキューブ,False,False,False,False,False,0,True,False,田村ゆかり,False
紋,Eri Kitamura,シーキューブ,False,False,False,False,False,0,True,False,喜多村英梨,False
青空のラプソディ,fhána,小林さんちのメイドラゴン,False,False,False,False,False,0,False,False,,False
めいど・うぃず・どらごんず♥,スーパーちょろゴンず,小林さんちのメイドラゴン,False,False,False,False,False,0,False,True,,False
愛のシュプリーム！,fhána,小林さんちのメイドラゴン,False,False,False,False,False,0,False,False,,False
イシュカン･コミュニケーション,ちょろゴンず,小林さんちのメイドラゴン,False,False,False,False,False,0,False,True,,False
イシュカン♥リレーションシップ,トール (CV.桑原由気),小林さんちのメイドラゴン,False,False,False,False,False,0,False,True,,False
ドラマチックマーケットライド,北白川たまこ(cv:洲崎 綾),たまこマーケット,False,False,False,False,False,0,False,True,,False
ねぐせ,北白川たまこ(cv:洲崎 綾),たまこマーケット,False,False,False,False,False,0,False,True,,False
Koi no Uta,Kitashirakawa Tamako (CV: Aya Suzuki),たまこマーケット,False,False,False,False,False,0,False,True,,False
プリンシプル,洲崎綾,たまこマーケット,False,False,False,False,False,0,True,False,洲崎綾,False
熱情のスペクトラム,Ikimonogakari,七つの大罪（未）,False,False,False,False,False,0,False,False,,False
ブルーバード,Ikimonogakari,NARUTO（未）,False,False,False,False,False,0,False,False,,False
表裏一体,YUZU,Hanter×Hanter,False,False,False,False,False,0,False,False,,False
Boys be Smile,鈴湯,リトルバスターズ,False,False,False,False,False,0,False,False,,False
君とのなくしもの,北沢綾香,リトルバスターズ,False,False,False,False,False,0,False,False,,False
アフターグロウ,黒崎真音,がっこうぐらし,False,False,False,False,False,0,False,False,,False
ハーモナイズ・クローバー,黒崎真音,がっこうぐらし,False,False,False,False,False,0,False,False,,False
Midnight Dancer,Toshiki Masuda,殺し愛,False,False,False,False,False,0,True,False,増田俊樹,False
マコトピリオド,小林愛香,殺し愛,False,False,False,False,False,0,False,False,,False
やじるし→,ぽかぽかイオン,スローループ,False,False,False,False,False,0,True,False,ぽかぽかイオン,False
シュワシュワ,Three Loop,スローループ,False,False,False,False,False,0,False,True,,False
イマココ,Nao Toyama,月がキレイ,False,False,False,False,False,0,True,False,東山奈央,False
月がきれい,Nao Toyama,月がキレイ,False,False,False,False,False,0,True,False,東山奈央,False
「見えないからね!?」,四谷みこ(CV:雨宮 天),見える子ちゃん,False,False,False,False,False,0,False,True,,False
「ミタナ？　ミタヨネ？？　ミテルヨネ？？？」,四谷みこ(CV:雨宮 天),見える子ちゃん,False,False,False,False,False,0,False,True,,False
恋のミノル伝説 - 完全版,白石みのる (CV.白石 稔),らき☆すた,False,False,False,False,False,0,False,True,,False
三十路岬,小神あきら (CV.今野宏美),らき☆すた,False,False,False,False,False,0,False,True,,False
バレンタイン・キッス,柊つかさ (CV.福原香織),らき☆すた,False,False,False,False,False,0,False,True,,False
負けないで,泉こなた (CV.平野 綾),らき☆すた,False,False,False,False,False,0,False,True,,False
ワンルームシュガーライフ,NANAOAKARI,ハッピーシュガーライフ,False,False,False,False,False,0,False,False,,False
SWEET HURT,ReoNa,ハッピーシュガーライフ,False,False,False,False,False,0,False,False,,False
カナリア,ReoNa,ハッピーシュガーライフ,False,False,False,False,False,0,False,False,,False
いちごコンプリート,千葉紗子、折笠富美子、川澄綾子、能登麻美子,苺ましまろ,False,False,False,False,False,0,True,False,千葉紗子、折笠富美子、川澄綾子、能登麻美子,False
クラス・メイト,折笠富美子,苺ましまろ,False,False,False,False,False,0,True,False,折笠富美子,False
あっかん berry berry,生天目仁美、千葉紗子、折笠富美子、川澄綾子、能登麻美子,苺ましまろ,False,False,False,False,False,0,True,False,生天目仁美、千葉紗子、折笠富美子、川澄綾子、能登麻美子,False
夕待ちの風,折笠富美子,苺ましまろ,False,False,False,False,False,0,True,False,折笠富美子,False
苺すぷらっしゅ,生天目仁美、千葉紗子、折笠富美子、川澄綾子、能登麻美子,苺ましまろ,False,False,False,False,False,0,True,False,生天目仁美、千葉紗子、折笠富美子、川澄綾子、能登麻美子,False
"Hello,world!",BUMP OF CHICKEN,血界戦線,False,False,False,False,False,0,False,False,,False
シュガーソングとビターステップ,UNISON SQUARE GARDEN,血界戦線,False,False,False,False,False,0,False,False,,False
fake town baby,UNISON SQUARE GARDEN,血界戦線,False,False,False,False,False,0,False,False,,False
ステップアップLOVE,Daoko,血界戦線,False,False,False,False,False,0,False,False,,False
"My Soul, Your Beats!",Lia,Angel Beats!,False,False,False,False,False,0,False,False,,False
Bravely You,Lia,Angel Beats!,False,False,False,False,False,0,False,False,,False
スケッチスイッチ,阿澄佳奈,ひだまりスケッチ,False,False,False,False,False,0,False,True,,False
芽生えドライブ,marble,ひだまりスケッチ,False,False,False,False,False,0,False,False,,False
?でわっしょい,ゆの (CV.阿澄佳奈),ひだまりスケッチ,False,False,False,False,False,0,False,True,,False
流星レコード,marble,ひだまりスケッチ,False,False,False,False,False,0,False,False,,False
できるかなって☆☆☆,ゆの (CV.阿澄佳奈),ひだまりスケッチ,False,False,False,False,False,0,False,True,,False
さくらさくら咲く 〜あの日君を待つ 空と同じで〜,marble,ひだまりスケッチ,False,False,False,False,False,0,False,False,,False
気まぐれ、じゃんけんポンっ!,ゆの (CV.阿澄佳奈),ひだまりスケッチ,False,False,False,False,False,0,False,True,,False
nora,marble,ひだまりスケッチ,False,False,False,False,False,0,False,False,,False
おーぷん☆きゃんばす,ゆの (CV.阿澄佳奈),ひだまりスケッチ,False,False,False,False,False,0,False,True,,False
夢ぐも,marble,ひだまりスケッチ,False,False,False,False,False,0,False,False,,False
"Easy Life, Easy Curry -カレーメシのうた-",亜咲花,ゆるキャン,False,False,False,False,False,0,False,False,,False
私、主役の赤座あかりです,赤座あかり(CV:三上枝織),ゆるゆり,False,False,False,False,False,0,False,True,,False
Plastic Smile,Kaori Ishihara,ひげを剃る．そして女子高生を拾う．,False,False,False,False,False,0,True,False,石原夏織,False
チョコリズムチョコルール,ココア(CV.佐倉綾音),ご注文はうさぎですか,False,False,False,False,False,0,False,True,,False
今宵mofumofu!!,仙狐(CV:和氣あず未),世話やきキツネの仙狐さん,False,False,False,False,False,0,False,True,,False
もっふもふ DE よいのじゃよ,仙狐(CV:和氣あず未),世話やきキツネの仙狐さん,False,False,False,False,False,0,False,True,,False
かーてんこーる!!!!!,劇団ひととせ[桜木ひな子(CV:M・A・O)/夏川くいな(CV:富田美憂)/柊 真雪(CV:小倉 唯)/萩野千秋(CV:東城日沙子)/中島ゆあ(CV:高野麻里佳)],ひなこのーと,False,False,False,False,False,0,False,True,,False
Light a Way,鈴湯,クドわふたー,False,False,False,False,False,0,False,False,,False
星守歌,能見クドリャフカ(CV.鈴田美夜子),クドわふたー,False,False,False,False,False,0,False,True,,False
星屑,霜月はるか,クドわふたー,False,False,False,False,False,0,False,False,,False
Over The Summer,若林直美,クドわふたー,False,False,False,False,False,0,False,False,,False
My Dearest,supercell,ギルティクラウン,False,False,False,False,False,0,False,False,,False
エウテルペ,EGOIST,ギルティクラウン,False,False,False,False,False,0,False,False,,False
Departures 〜あなたにおくるアイの歌〜,EGOIST,ギルティクラウン,False,False,False,False,False,0,False,False,,False
The Everlasting Guilty Crown,EGOIST,ギルティクラウン,False,False,False,False,False,0,False,False,,False
告白,supercell,ギルティクラウン,False,False,False,False,False,0,False,False,,False
スタッカート・デイズ,あおい(CV:井口裕香),ヤマノススメ,False,False,False,False,False,0,False,True,,False
Tinkling Smile,Yui Ogura,ヤマノススメ,False,False,False,False,False,0,True,False,小倉唯,False
夏色プレゼント,あおい(CV:井口裕香),ヤマノススメ,False,False,False,False,False,0,False,True,,False
毎日コハルビヨリ,あおい(CV:井口裕香),ヤマノススメ,False,False,False,False,False,0,False,True,,False
Cocoiro Rainbow,鳴海杏子,ヤマノススメ,False,False,False,False,False,0,True,False,鳴海杏子,False
地平線ストライド,あおい(CV:井口裕香),ヤマノススメ,False,False,False,False,False,0,False,True,,False
色違いの翼,あおい(CV:井口裕香),ヤマノススメ,False,False,False,False,False,0,False,True,,False
想いのち晴れ,あおい(CV.井口裕香),ヤマノススメ,False,False,False,False,False,0,False,True,,False
扉を開けてベルを鳴らそう,あおい(CV.井口裕香),ヤマノススメ,False,False,False,False,False,0,False,True,,False
カッコ悪い I love you!,French Kiss,SKET DANCE,False,False,False,False,False,0,False,False,,False
Comic Sonic,the pillows,SKET DANCE,False,False,False,False,False,0,False,False,,False
道,The Sketchbook,SKET DANCE,False,False,False,False,False,0,False,False,,False
クローバー,The Sketchbook,SKET DANCE,False,False,False,False,False,0,False,False,,False
Sun Is Coming Up,亜咲花,SKET DANCE,False,False,False,False,False,0,False,False,,False
Graffiti,GACKT,SKET DANCE,False,False,False,False,False,0,False,False,,False
Message,The Sketchbook,SKET DANCE,False,False,False,False,False,0,False,False,,False
パーリー!ハレルヤ!,SKET ROCK,SKET DANCE,False,False,False,False,False,0,False,False,,False
HERO,The Sketchbook,SKET DANCE,False,False,False,False,False,0,False,False,,False
Birthday,The Sketchbook,SKET DANCE,False,False,False,False,False,0,False,False,,False
Colors,The Sketchbook,SKET DANCE,False,False,False,False,False,0,False,False,,False
Clear,The Sketchbook,SKET DANCE,False,False,False,False,False,0,False,False,,False
世界は屋上で見渡せた,SKET×Sketch,SKET DANCE,False,False,False,False,False,0,False,False,,False
快眠!安眠!スヤリスト生活,スヤリス姫 (CV.水瀬いのり),魔王城でおやすみ,False,False,False,False,False,0,False,True,,False
Gimmme!,ORESAMA,魔王城でおやすみ,False,False,False,False,False,0,False,False,,False
灼熱スイッチ,雀が原中学卓球部,灼熱の卓球娘,False,False,False,False,False,0,False,True,,False
僕らのフロンティア,"Wake Up, Girls!",灼熱の卓球娘,False,False,False,False,False,0,False,False,,False
没落貴族のためのてーきゅう,Yui Watanabe,てーきゅう,False,False,False,False,False,0,True,False,渡部優衣,False
メニメニマニマニ,高宮なすの(CV:鳴海杏子),てーきゅう,False,False,False,False,False,0,False,True,,False
ぬふっとてーきゅうポトラッチ,Naive,てーきゅう,False,False,False,False,False,0,False,False,,False
ファッとして桃源郷,新庄かなえ(CV:三森すずこ),てーきゅう,False,False,False,False,False,0,False,True,,False
Qunka!,板東まりも(CV:花澤香菜),てーきゅう,False,False,False,False,False,0,False,True,,False
とってもサファリ,アース・スター ドリーム,てーきゅう,False,False,False,False,False,0,True,False,アース・スター ドリーム,False
ツッパリくんvs 関取マン,押本ユリ(CV:渡部優衣),てーきゅう,False,False,False,False,False,0,False,True,,False
開運!招福!炎天歌,アース・スター ドリーム,てーきゅう,False,False,False,False,False,0,True,False,アース・スター ドリーム,False
黄金のキンデレラ 〜午前0時に魔法は解けず〜,高宮なすの(CV:鳴海杏子),てーきゅう,False,False,False,False,False,0,False,True,,False
輪!Moon!dass!cry!,田中 望(CV:赤﨑千夏),女子高生の無駄遣い,False,False,False,False,False,0,False,True,,False
青春のリバーブ,田中 望(CV:赤﨑千夏),女子高生の無駄遣い,False,False,False,False,False,0,False,True,,False
ホシトハナ,讃州中学勇者部,結城友奈は勇者である,False,False,False,False,False,0,False,True,,False
Aurora Days,讃州中学勇者部,結城友奈は勇者である,False,False,False,False,False,0,False,True,,False
祈りの歌,犬吠埼樹(CV:黒沢ともよ),結城友奈は勇者である,False,False,False,False,False,0,False,True,,False
エガオノキミヘ,Suzuko Mimori,結城友奈は勇者である,False,False,False,False,False,0,True,False,三森すずこ,False
ともだち,鷲尾須美(CV:三森すずこ),結城友奈は勇者である,False,False,False,False,False,0,False,True,,False
たましい,三ノ輪銀(CV:花守ゆみり),結城友奈は勇者である,False,False,False,False,False,0,False,True,,False
やくそく,鷲尾須美(CV:三森すずこ),結城友奈は勇者である,False,False,False,False,False,0,False,True,,False
ハナコトバ,讃州中学勇者部,結城友奈は勇者である,False,False,False,False,False,0,False,True,,False
勇者たちのララバイ,讃州中学勇者部,結城友奈は勇者である,False,False,False,False,False,0,False,True,,False
アシタノハナタチ,讃州中学勇者部,結城友奈は勇者である,False,False,False,False,False,0,False,True,,False
地平線の向こうへ,讃州中学勇者部,結城友奈は勇者である,False,False,False,False,False,0,False,True,,False
ジャンプアップ↑エール!!,神ノ木高校チアリーディング部,アニマエール,False,False,False,False,False,0,False,True,,False
One for All,神ノ木高校チアリーディング部,アニマエール,False,False,False,False,False,0,False,True,,False
満月とシルエットの夜,坊ちゃん(CV.花江夏樹),死神坊ちゃんと黒メイド,False,False,False,False,False,0,False,True,,False
夜想曲,アリス(CV. 真野あゆみ),死神坊ちゃんと黒メイド,False,False,False,False,False,0,False,True,,False
君とレヴュー,坊ちゃん(CV. 花江夏樹)&アリス(CV. 真野あゆみ),死神坊ちゃんと黒メイド,False,False,False,False,False,0,False,True,,False
星屑レクイエム,nasuo,死神坊ちゃんと黒メイド,False,False,False,False,False,0,False,False,,False
シネマティックパレード,nasuo,死神坊ちゃんと黒メイド,False,False,False,False,False,0,False,False,,False
エトワールメモワール,アリス(CV. 真野あゆみ),死神坊ちゃんと黒メイド,False,False,False,False,False,0,False,True,,False
満月とシルエットの夜 - Wedding Ver.,坊ちゃん(CV.花江夏樹),死神坊ちゃんと黒メイド,False,False,False,False,False,0,False,True,,False
Broken Sky (TVアニメ「無能なナナ」オープニングテーマ),富田美憂,無能なナナ,False,False,False,False,False,0,True,False,富田美憂,False
バケモノと呼ばれて,藤川千愛,無能なナナ,False,False,False,False,False,0,False,False,,False
Kiss you,miwa,銀の匙,False,False,False,False,False,0,False,False,,False
Hello Especially,Sukima Switch,銀の匙,False,False,False,False,False,0,False,False,,False
LIFE,Fujifabric,銀の匙,False,False,False,False,False,0,False,False,,False
オトノナルホウヘ→,Goose house,銀の匙,False,False,False,False,False,0,False,False,,False
くらえ！テレパシー,MHRJ,トモちゃんは女の子,False,False,False,False,False,0,False,False,,False
innocent starter,Nana Mizuki,魔法少女リリカルなのは,False,False,False,False,False,0,True,False,水樹奈々,False
Little Wish 〜lyrical step〜,Yukari Tamura,魔法少女リリカルなのは,False,False,False,False,False,0,True,False,田村ゆかり,False
Take a shot,Nana Mizuki,魔法少女リリカルなのは,False,False,False,False,False,0,True,False,水樹奈々,False
ETERNAL BLAZE,Nana Mizuki,魔法少女リリカルなのは,False,False,False,False,False,0,True,False,水樹奈々,False
Spiritual Garden,Yukari Tamura,魔法少女リリカルなのは,False,False,False,False,False,0,True,False,田村ゆかり,False
BRAVE PHOENIX,Nana Mizuki,魔法少女リリカルなのは,False,False,False,False,False,0,True,False,水樹奈々,False
SECRET AMBITION,Nana Mizuki,魔法少女リリカルなのは,False,False,False,False,False,0,True,False,水樹奈々,False
星空のSpica,Yukari Tamura,魔法少女リリカルなのは,False,False,False,False,False,0,True,False,田村ゆかり,False
MASSIVE WONDERS,Nana Mizuki,魔法少女リリカルなのは,False,False,False,False,False,0,True,False,水樹奈々,False
Beautiful Amulet,Yukari Tamura,魔法少女リリカルなのは,False,False,False,False,False,0,True,False,田村ゆかり,False
Pray,Nana Mizuki,魔法少女リリカルなのは,False,False,False,False,False,0,True,False,水樹奈々,False
Angel Blossom,Nana Mizuki,魔法少女リリカルなのは,False,False,False,False,False,0,True,False,水樹奈々,False
Pleasure treasure,Yukari Tamura,魔法少女リリカルなのは,False,False,False,False,False,0,True,False,田村ゆかり,False
Future Strike,Yui Ogura,魔法少女リリカルなのは,False,False,False,False,False,0,True,False,小倉唯,False
Starry Wish,Inori Minase,魔法少女リリカルなのは,False,False,False,False,False,0,True,False,水瀬いのり,False
Destiny's Prelude,Nana Mizuki,魔法少女リリカルなのは,False,False,False,False,False,0,True,False,水樹奈々,False
Invisible Heat,Nana Mizuki,魔法少女リリカルなのは,False,False,False,False,False,0,True,False,水樹奈々,False
NEVER SURRENDER,Nana Mizuki,魔法少女リリカルなのは,False,False,False,False,False,0,True,False,水樹奈々,False
GET BACK,Nana Mizuki,魔法少女リリカルなのは,False,False,False,False,False,0,True,False,水樹奈々,False
Ring Ring Rainbow!!,ゆいかおり(小倉唯&石原夏織),城下町のダンデライオン,False,False,False,False,False,0,True,False,ゆいかおり(小倉唯&石原夏織),False
Honey Come!!,Yui Ogura,城下町のダンデライオン,False,False,False,False,False,0,True,False,小倉唯,False
Make Up Life!,風色琴音 (CV: 井上ほの花),RPG不動産,False,False,False,False,False,0,False,True,,False
Awesome!,Maneki Kecak,RPG不動産,False,False,False,False,False,0,False,False,,False
Seven Doors,ZAQ,トリニティセブン,False,False,False,False,False,0,False,False,,False
BEAUTIFUL=SENTENCE - Duet,メイガス・トゥー 浅見リリス(CV.原由実)&神無月アリン(CV.内田彩),トリニティセブン,False,False,False,False,False,0,False,True,,False
SHaVaDaVa in AMAZING♪ - Duet,ユイレヴィ♡風間レヴィ(CV.佐倉綾音)&倉田ユイ(CV.村川梨衣),トリニティセブン,False,False,False,False,False,0,False,True,,False
"ReSTART ""THE WORLD"" - デュエット",TWINKle MAGIC リーゼロッテ=シャルロック(CV.東山奈央)&セリナ=シャルロック(CV.洲崎綾),トリニティセブン,False,False,False,False,False,0,False,True,,False
TRINITY×SEVENTH+HEAVEN - デュエットバージョン,Security Politti 山奈ミラ(CV.日笠陽子)&不動アキオ(CV.柚木涼香),トリニティセブン,False,False,False,False,False,0,False,True,,False
Last Proof,ZAQ,トリニティセブン,False,False,False,False,False,0,False,False,,False
Against The Abyss,ZAQ,トリニティセブン,False,False,False,False,False,0,False,False,,False
君という神話,麻枝准,神様になった日,False,False,False,False,False,0,False,False,,False
Goodbye Seven Seas,麻枝准,神様になった日,False,False,False,False,False,0,False,False,,False
宝物になった日,麻枝准,神様になった日,False,False,False,False,False,0,False,False,,False
夏凪ぎ,麻枝准,神様になった日,False,False,False,False,False,0,False,False,,False
Treasure,碧陽学園生徒会,生徒会の一存,False,False,False,False,False,0,False,True,,False
妄想☆ふぇてぃっしゅ！,碧陽学園生徒会,生徒会の一存,False,False,False,False,False,0,False,True,,False
Precious,碧陽学園生徒会 Lv.2,生徒会の一存,False,False,False,False,False,0,False,True,,False
Fo(u)r Seasons,碧陽学園生徒会 Lv.2,生徒会の一存,False,False,False,False,False,0,False,True,,False
"羊が一匹,ニ匹数えて寝ましょう",碧陽学園生徒会 Lv.2,生徒会の一存,False,False,False,False,False,0,False,True,,False
質問、恋って何でしょうか?,MARUMOCHI from HoneyWorks,男女の友情は成立する？,False,False,False,False,False,0,False,False,,False
Ready to Rock,BAND-MAID,ロックは淑女の嗜みでして,False,False,False,False,False,0,False,False,,False
Dear my Soleil,立花日菜,男女の友情は成立する？,False,False,False,False,False,0,True,False,立花日菜,False
夢じゃないならなんなのさ,Little Glee Monster,ロックは淑女の嗜みでして,False,False,False,False,False,0,False,False,,False
旅しよ!don't you?,harmoe,ざつ旅,False,False,False,False,False,0,True,False,harmoe,False
やれんの?エンドレス,Kana Hanazawa,忍者と殺し屋のふたりぐらし,False,False,False,False,False,0,True,False,花澤香菜,False
にんころダンス,MARUMOCHI from HoneyWorks,忍者と殺し屋のふたりぐらし,False,False,False,False,False,0,False,False,,False
そんなもんね,asmi,日々はすぎれど飯うまし,False,False,False,False,False,0,False,False,,False
ハニーレモン,NACHERRY,紫雲寺家の子供たち,False,False,False,False,False,0,True,False,NACHERRY,False
Paraglider,Kaori Ishihara,夢見る男子は現実主義者,False,False,False,False,False,0,True,False,石原夏織,False
#夢は短し恋せよ乙女,夏川愛華(CV:涼本あきほ),夢見る男子は現実主義者,False,False,False,False,False,0,False,True,,False
ボールパークでShake！Don't Shake！,ルリコ（CV.ファイルーズあい）,ボールパークへようこそ,False,False,False,False,False,0,False,True,,False
Hurray!!,GENIC,ボールパークへようこそ,False,False,False,False,False,0,False,False,,False
bookmarks,Sizuk,ざつ旅,False,False,False,False,False,0,False,False,,False
メニメリ・メモリーズ！,シネフォト部,mono,False,False,False,False,False,0,False,True,,False
味噌汁とバター - Miso Soup and Butter,汐れいら,日々はすぎれど飯うまし,False,False,False,False,False,0,False,False,,False
ウィークエンドロール,halca,mono,False,False,False,False,False,0,False,False,,False
LIKE YOU o(>< = ><)o LOVE YOU?,紫雲寺家の子供たち,紫雲寺家の子供たち,False,False,False,False,False,0,False,True,,False
Again,Beverly,フルーツバスケット,False,False,False,False,False,0,False,False,,False
Lucky Ending,VK Blanka,フルーツバスケット,False,False,False,False,False,0,False,False,,False
Umareru Negai 〜生まれる願い〜,ウタ・アリィ,フルーツバスケット,False,False,False,False,False,0,False,False,,False
Chime,Ai Otsuka,フルーツバスケット,False,False,False,False,False,0,False,False,,False
One Step Closer,INTERSECTION,フルーツバスケット,False,False,False,False,False,0,False,False,,False
プリズム,AmPm,フルーツバスケット,False,False,False,False,False,0,False,False,,False
ad meliora,THE CHARM PARK,フルーツバスケット,False,False,False,False,False,0,False,False,,False
Haseru Mirai 〜馳せる未来〜,ウタ・アリィ,フルーツバスケット,False,False,False,False,False,0,False,False,,False
HOME,Asako Toki,フルーツバスケット,False,False,False,False,False,0,False,False,,False
Eden,Monkey Majik,フルーツバスケット,False,False,False,False,False,0,False,False,,False
Pleasure,WARPs UP,フルーツバスケット,False,False,False,False,False,0,False,False,,False
春うらら,GENIC,フルーツバスケット,False,False,False,False,False,0,False,False,,False
虹のかけら,昆夏美,一週間フレンズ．,False,False,False,False,False,0,False,False,,False
奏(かなで),藤宮香織(CV:雨宮天),一週間フレンズ．,False,False,False,False,False,0,False,True,,False
すーぱーびっぐらぶ！,天狼群,ばっどがーる,False,False,False,False,False,0,True,False,天狼群,False
BAD SURPRISE,天狼群,ばっどがーる,False,False,False,False,False,0,True,False,天狼群,False
まなざしは光,Tatsuya Kitani,薫る花は凛と咲く,False,False,False,False,False,0,False,False,,False
ハレの日に - Harenohini,汐れいら,薫る花は凛と咲く,False,False,False,False,False,0,False,False,,False
Mirage,Creepy Nuts,よふかしのうた,False,False,False,False,False,0,False,False,,False
眠れ - Nemure,Creepy Nuts,よふかしのうた,False,False,False,False,False,0,False,False,,False
Hello,Furui Riho,CITY,False,False,False,False,False,0,False,False,,False
LUCKY,TOMOO,CITY,False,False,False,False,False,0,False,False,,False
ひだまりデイズ,妹S,干物娘!うまるちゃん,False,False,False,False,False,0,False,True,,False
君がくれたもの,asmi,カッコウの許嫁,False,False,False,False,False,0,False,False,,False
あなたでなくちゃ,22/7,カッコウの許嫁,False,False,False,False,False,0,False,False,,False
にめんせい☆ウラオモテライフ!,土間うまる(CV:田中あいみ),干物娘!うまるちゃん,False,False,False,False,False,0,False,True,,False
うまるん体操,妹S(シスターズ)[土間うまる(CV:田中あいみ)/海老名菜々(CV:影山 灯)/本場切絵(CV:白石晴香)/橘・シルフィンフォード(CV:古川由利奈)],干物娘!うまるちゃん,False,False,False,False,False,0,False,True,,False
光のすみか,Rei Yasuda,瑠璃の宝石,False,False,False,False,False,0,False,False,,False
サファイア,Hana Hope,瑠璃の宝石,False,False,False,False,False,0,False,False,,False
君にふさわしい奇跡,日曜日のメゾンデ,帝乃三姉妹は案外，チョロい．,False,False,False,False,False,0,False,False,,False
ムリムリ進化論,NANAOAKARI,私が恋人になれるわけないじゃん，ムリムリ！,False,False,False,False,False,0,False,False,,False
未完成に瞬いて,Oisicle Melonpan,フードコートで，また明日．,False,False,False,False,False,0,False,False,,False
となりあわせ,和田と山本（CV.宮崎ヒヨリ・青山吉能）,フードコートで，また明日．,False,False,False,False,False,0,False,True,,False
Watch me!,YOASOBI,WITCHWATCH,False,False,False,False,False,0,False,False,,False
魔法はスパイス,Aooo,WITCHWATCH,False,False,False,False,False,0,False,False,,False
ときはなて！,はしメロ,WITCHWATCH,False,False,False,False,False,0,False,False,,False
月と私のかくれんぼ,yutori,WITCHWATCH,False,False,False,False,False,0,False,False,,False
おジャ魔女カーニバル!!,MAHO堂,おジャ魔女どれみ,False,False,False,False,False,0,False,False,,False
迷っちゃうわ,Philosophy no Dance,私が恋人になれるわけないじゃん，ムリムリ！,False,False,False,False,False,0,False,False,,False
Red Liberation,fripSide,ひきこまり吸血鬼の悶々,False,False,False,False,False,0,False,False,,False
眠れない,MIMiNARI,ひきこまり吸血鬼の悶々,False,False,False,False,False,0,True,False,MIMiNARI,False
はーと掻き回してアゲル♡,瑠璃葉るら(CV.花井美春),ばっどがーる,False,False,False,False,False,0,False,True,,False
オトワ,太陽と踊れ月夜に唄え,愚かな天使は悪魔と踊る,False,False,False,False,False,0,True,False,太陽と踊れ月夜に唄え,False
Gift,Kaori Ishihara,愚かな天使は悪魔と踊る,False,False,False,False,False,0,True,False,石原夏織,False
徒花ネクロマンシー - Album ver.,フランシュシュ,ゾンビランドサガ,False,False,False,False,False,0,False,True,,False
目覚めRETURNER,フランシュシュ,ゾンビランドサガ,False,False,False,False,False,0,False,True,,False
アツクナレ,フランシュシュ,ゾンビランドサガ,False,False,False,False,False,0,False,True,,False
ゼリーフィッシュ,アイアンフリル,ゾンビランドサガ,False,False,False,False,False,0,False,True,,False
ヨミガエレ,フランシュシュ,ゾンビランドサガ,False,False,False,False,False,0,False,True,,False
FLAGをはためかせろ!,フランシュシュ,ゾンビランドサガ,False,False,False,False,False,0,False,True,,False
大河よ共に泣いてくれ,フランシュシュ,ゾンビランドサガ,False,False,False,False,False,0,False,True,,False
夢を手に、戻れる場所もない日々を,フランシュシュ,ゾンビランドサガ,False,False,False,False,False,0,False,True,,False
追い風トラベラーズ,フランシュシュ,ゾンビランドサガ,False,False,False,False,False,0,False,True,,False
REVENGE,フランシュシュ,ゾンビランドサガ,False,False,False,False,False,0,False,True,,False
DreamRiser,ChouCho,ガールズパンツァー,False,False,False,False,False,0,False,False,,False
Enter Enter MISSION!,あんこうチーム,ガールズパンツァー,False,False,False,False,False,0,False,True,,False
piece of youth,ChouCho,ガールズパンツァー,False,False,False,False,False,0,False,False,,False
Grand symphony,佐咲紗花,ガールズパンツァー,False,False,False,False,False,0,False,False,,False
Never Say Goodbye,ChouCho,ガールズパンツァー,False,False,False,False,False,0,False,False,,False
Enter Enter MISSION! - 最終章ver.,あんこうチーム,ガールズパンツァー,False,False,False,False,False,0,False,True,,False
Glossy:MMM,Miyuki Hashimoto,咲,False,False,False,False,False,0,False,False,,False
New SPARKS!,Miyuki Hashimoto,咲,False,False,False,False,False,0,False,False,,False
TRUE GATE,Miyuki Hashimoto,咲,False,False,False,False,False,0,False,False,,False
カワルミライ,ChouCho,神様のメモ帳,False,False,False,False,False,0,False,False,,False
あすなろ,鈴村健一,神様のメモ帳,False,False,False,False,False,0,True,False,鈴村健一,False
カラーズぱわーにおまかせろ！,カラーズ☆スラッシュ【結衣(CV.高田憂希)、さっちゃん(CV.高野麻里佳)、琴葉(CV.日岡なつみ)】,三ツ星カラーズ,False,False,False,False,False,0,False,True,,False
ミラクルカラーズ☆本日も異常ナシ！,カラーズ☆スラッシュ【結衣(CV.高田憂希)、さっちゃん(CV.高野麻里佳)、琴葉(CV.日岡なつみ)】,三ツ星カラーズ,False,False,False,False,False,0,False,True,,False
カラフルデイズ,カラーズ☆スラッシュ【結衣(CV.高田憂希)、さっちゃん(CV.高野麻里佳)、琴葉(CV.日岡なつみ)】,三ツ星カラーズ,False,False,False,False,False,0,False,True,,False
aventure bleu,Maaya Uchida,たくのみ．,False,False,False,False,False,0,True,False,内田真礼,False
ストイックにデトックス,Mashinomi,たくのみ．,False,False,False,False,False,0,False,False,,False
シリウス,Eir Aoi,キルラキル,False,False,False,False,False,0,False,False,,False
ごめんね、いいコじゃいられない。,Miku Sawai,キルラキル,False,False,False,False,False,0,False,False,,False
サンビカ,Eir Aoi,キルラキル,False,False,False,False,False,0,False,False,,False
ambiguous,GARNiDELiA,キルラキル,False,False,False,False,False,0,False,False,,False
新世界交響楽,Sayonara Ponytail,キルラキル,False,False,False,False,False,0,False,False,,False
アルカテイル,鈴木このみ,SummerPockets,False,False,False,False,False,0,False,False,,False
Lasting Moment,鈴木このみ,SummerPockets,False,False,False,False,False,0,False,False,,False
紬の夏休み,紬ヴェンダース(CV.岩井映美里),SummerPockets,False,False,False,False,False,0,False,True,,False
比翼の蝶たち,空門蒼(CV.高森奈津美),SummerPockets,False,False,False,False,False,0,False,True,,False
夏に君を待ちながら,鳴瀬しろは(CV.小原好美),SummerPockets,False,False,False,False,False,0,False,True,,False
フィニステラー,鈴木このみ,SummerPockets,False,False,False,False,False,0,False,False,,False
魔法の絵日記,鳴瀬しろは(CV.小原好美),SummerPockets,False,False,False,False,False,0,False,True,,False
夜奏花,YURiKA,SummerPockets,False,False,False,False,False,0,False,False,,False
羽のゆりかご,水谷瑠奈,SummerPockets,False,False,False,False,False,0,False,False,,False
"ポケットをふくらませて ～Sea, you again～",rionos,SummerPockets,False,False,False,False,False,0,False,False,,False
しろはの子守歌,鳴瀬しろは(CV.小原好美),SummerPockets,False,False,False,False,False,0,False,True,,False
Present Moment,富田美憂,放課後サイコロ倶楽部,False,False,False,False,False,0,True,False,富田美憂,False
On the Board,武笠美姫 (CV: 宮下早紀),放課後サイコロ倶楽部,False,False,False,False,False,0,False,True,,False
PINK BLOOD,Hikaru Utada,不滅のあなたへ,False,False,False,False,False,0,False,False,,False
七つの海よりキミの海,Sumire Uesaka,波打ち際のむろみさん,False,False,False,False,False,0,True,False,上坂すみれ,False
Shiny Ray,YURiKA,リトルウィッチアカデミア,False,False,False,False,False,0,False,False,,False
星を辿れば,大原ゆい子,リトルウィッチアカデミア,False,False,False,False,False,0,False,False,,False
透明な翼,大原ゆい子,リトルウィッチアカデミア,False,False,False,False,False,0,False,False,,False
MIND CONDUCTOR,YURiKA,リトルウィッチアカデミア,False,False,False,False,False,0,False,False,,False
アダルトチックチルドレン,yama,SANDA,False,False,False,False,False,0,False,False,,False
ダイアリー,Soushi Sakiyama,SANDA,False,False,False,False,False,0,False,False,,False
Serendipity,ZAQ,フリップフラッパーズ,False,False,False,False,False,0,False,False,,False
Fightin★Pose,Yui Ogura,ジャヒー様はくじけない,False,False,False,False,False,0,True,False,小倉唯,False
つまりはいつもくじけない！,NEGI☆U,ジャヒー様はくじけない,False,False,False,False,False,0,False,False,,False
生活こんきゅーダメディネロ,Sumire Uesaka,ジャヒー様はくじけない,False,False,False,False,False,0,True,False,上坂すみれ,False
ペタルズ,Miho Okasaki,ジャヒー様はくじけない,False,False,False,False,False,0,True,False,岡崎美保,False
曖昧グラフィティ,帝乃一輝（CV.天海由梨奈）,帝乃三姉妹は案外，チョロい．,False,False,False,False,False,0,False,True,,False
One Road,帝乃二琥（CV.古賀 葵）,帝乃三姉妹は案外，チョロい．,False,False,False,False,False,0,False,True,,False
Sunrise Prism,帝乃三和（CV.青山吉能）,帝乃三姉妹は案外，チョロい．,False,False,False,False,False,0,False,True,,False
Bitter end,Who-ya Extended,WITCHWATCH,False,False,False,False,False,0,False,False,,False
FLASHBACK SYNDROME,ALI,WITCHWATCH,False,False,False,False,False,0,False,False,,False
ダイスキ。,大橋彩香,可愛ければ変態でも好きになってくれますか？,False,False,False,False,False,0,True,False,大橋彩香,False
無謬の花,Mia REGINA,可愛ければ変態でも好きになってくれますか？,False,False,False,False,False,0,False,False,,False
流れ星,Mia REGINA,可愛ければ変態でも好きになってくれますか？,False,False,False,False,False,0,False,False,,False
ステラ,TRUE,可愛ければ変態でも好きになってくれますか？,False,False,False,False,False,0,False,False,,False
不器用なI love you,angela,不器用な先輩,False,False,False,False,False,0,False,False,,False
不器用に 君のとなり,前島亜美,不器用な先輩,False,False,False,False,False,0,True,False,前島亜美,False
No.7,地縛少年バンド,地縛少年花子くん,False,False,False,False,False,0,False,False,,False
Tiny Light,Akari Kito,地縛少年花子くん,False,False,False,False,False,0,True,False,鬼頭明里,False
L'oN,Masayoshi Oishi,地縛少年花子くん,False,False,False,False,False,0,False,False,,False
With a Wish,Akari Kito,地縛少年花子くん,False,False,False,False,False,0,True,False,鬼頭明里,False
かごめかごめ,Masayoshi Oishi,地縛少年花子くん,False,False,False,False,False,0,False,False,,False
mo∞ent,Akari Kito,地縛少年花子くん,False,False,False,False,False,0,True,False,鬼頭明里,False
歩いていこう！,Nao Toyama,恋する小惑星,False,False,False,False,False,0,True,False,東山奈央,False
夜空,Minori Suzuki,恋する小惑星,False,False,False,False,False,0,False,False,,False
あの星の向こうに,木ノ幡みら(CV:高柳知葉),恋する小惑星,False,False,False,False,False,0,False,True,,False
君と見た星,真中あお(CV:山口愛),恋する小惑星,False,False,False,False,False,0,False,True,,False
Touring,Conton Candy,終末ツーリング,False,False,False,False,False,0,False,False,,False
グライド,Myuk,終末ツーリング,False,False,False,False,False,0,False,False,,False
ドラマチック・オーバーレイ,ZAQ,アルマちゃんは家族になりたい,False,False,False,False,False,0,False,False,,False
ありふれてたい,花譜,アルマちゃんは家族になりたい,False,False,False,False,False,0,False,False,,False
SHOOT!,RO-KYU-BU!,ロウきゅーぶ！,False,False,False,False,False,0,False,True,,False
Party Love 〜おっきくなりたい〜,RO-KYU-BU!,ロウきゅーぶ！,False,False,False,False,False,0,False,True,,False
Get goal!,RO-KYU-BU!,ロウきゅーぶ！,False,False,False,False,False,0,False,True,,False
Rolling! Rolling!,RO-KYU-BU!,ロウきゅーぶ！,False,False,False,False,False,0,False,True,,False
ひぐらしのなく頃に,Eiko Shimamiya,ひぐらしのなく頃に,False,False,False,False,False,0,False,False,,False
奈落の花,Eiko Shimamiya,ひぐらしのなく頃に,False,False,False,False,False,0,False,False,,False
対象a,anNina,ひぐらしのなく頃に,False,False,False,False,False,0,False,False,,False
Super scription of data,Eiko Shimamiya,ひぐらしのなく頃に,False,False,False,False,False,0,False,False,,False
まなざし,anNina,ひぐらしのなく頃に,False,False,False,False,False,0,False,False,,False
I believe what you said,亜咲花,ひぐらしのなく頃に,False,False,False,False,False,0,False,False,,False
神様のシンドローム,彩音,ひぐらしのなく頃に,False,False,False,False,False,0,False,False,,False
不規則性エントロピー,彩音,ひぐらしのなく頃に,False,False,False,False,False,0,False,False,,False
Analogy,彩音,ひぐらしのなく頃に,False,False,False,False,False,0,False,False,,False
Missing Promise,Konomi Suzuki,ひぐらしのなく頃に,False,False,False,False,False,0,False,False,,False
桃色タイフーン,Luna Haruna,ゆらぎ荘の幽奈さん,False,False,False,False,False,0,False,False,,False
まっさかさマジック！,shallm,姫様”拷問”の時間です,False,False,False,False,False,0,False,False,,False
明日は明日の風が吹く,LEEVELLES,姫様”拷問”の時間です,False,False,False,False,False,0,False,False,,False
ハッピーエンドプリンセス,Sumire Uesaka,ティアムーン帝国物語〜断頭台から始まる，姫の転生逆転ストーリー〜,False,False,False,False,False,0,True,False,上坂すみれ,False
Queen of the Night,KanoeRana,ティアムーン帝国物語〜断頭台から始まる，姫の転生逆転ストーリー〜,False,False,False,False,False,0,False,False,,False
シンデレラ,Cidergirl,古見さんは，コミュ症です．,False,False,False,False,False,0,False,False,,False
シンパシー,Kitri,古見さんは，コミュ症です．,False,False,False,False,False,0,False,False,,False
ヒカレイノチ,Kitri,古見さんは，コミュ症です．,False,False,False,False,False,0,False,False,,False
青100色,伊藤美来,古見さんは，コミュ症です．,False,False,False,False,False,0,True,False,伊藤美来,False
小喋日和,FantasticYouth,古見さんは，コミュ症です．,False,False,False,False,False,0,False,False,,False
めいあいへるぷゆー？,山神ルーシー(略)、三好沙耶、千早恵(CV:茅原愛衣・中原麻衣・豊崎愛生),サーバント・サービス,False,False,False,False,False,0,False,True,,False
Save you Save me,衛藤可奈美(CV:本渡楓),刀使ノ巫女,False,False,False,False,False,0,False,True,,False
心のメモリア,衛藤可奈美(CV:本渡楓),刀使ノ巫女,False,False,False,False,False,0,False,True,,False
今この身が果てようとも,衛藤可奈美(CV:本渡楓),刀使ノ巫女,False,False,False,False,False,0,False,True,,False
進化系Colors,衛藤可奈美(CV:本渡楓),刀使ノ巫女,False,False,False,False,False,0,False,True,,False
未来エピローグ,衛藤可奈美(CV:本渡楓),刀使ノ巫女,False,False,False,False,False,0,False,True,,False
鎮魂の夜想曲,衛藤可奈美(CV:本渡楓),刀使ノ巫女,False,False,False,False,False,0,False,True,,False
二重のキズナ,衛藤可奈美(CV:本渡楓),刀使ノ巫女,False,False,False,False,False,0,False,True,,False
FANTASTIC ILLUSION,i☆Ris,手品先輩,False,False,False,False,False,0,False,False,,False
ダメハダメ,Minori Suzuki,手品先輩,False,False,False,False,False,0,True,False,鈴木みのり,False
スパッと!スパイ&スパイス,tukikage,RELEASE THE SPYCE,False,False,False,False,False,0,False,True,,False
Hide & Seek,tukikage,RELEASE THE SPYCE,False,False,False,False,False,0,False,True,,False
月結び,八千代命(CV:洲崎綾),RELEASE THE SPYCE,False,False,False,False,False,0,False,True,,False
Sugar & Spice,石川五恵(CV:のぐちゆり),RELEASE THE SPYCE,False,False,False,False,False,0,False,True,,False
Happy Girl,Eri Kitamura,パパの言うことを聞きなさい！,False,False,False,False,False,0,True,False,喜多村英梨,False
Coloring,Yui Horie,パパの言うことを聞きなさい！,False,False,False,False,False,0,True,False,堀江由衣,False
forever we can make it!,THYME,ToLOVEる,False,False,False,False,False,0,False,False,,False
ラッキーチューン,Anna,ToLOVEる,False,False,False,False,False,0,False,False,,False
ディア・マイ・スペシャル・プレシャス・マーベラス・スウィート・ダーリンズ,クインテット,私が恋人になれるわけないじゃん，ムリムリ！,False,False,False,False,False,0,False,True,,False
kissの行方,Anna,ToLOVEる,False,False,False,False,False,0,False,False,,False
ダイスキみーっけ!,ララ・サタリン・デビルーク(cv. 戸松 遥),ToLOVEる,False,False,False,False,False,0,False,True,,False
スカートのはじっこ,西蓮寺春菜(cv. 矢作紗友里),ToLOVEる,False,False,False,False,False,0,False,True,,False
GOLDEN TRANCER,金色の闇(cv. 福圓美里),ToLOVEる,False,False,False,False,False,0,False,True,,False
Loop-the-Loop,KOTOKO,ToLOVEる,False,False,False,False,False,0,False,False,,False
Baby Baby Love,Haruka Tomatsu,ToLOVEる,False,False,False,False,False,0,True,False,戸松遥,False
楽園PROJECT,Ray,ToLOVEる,False,False,False,False,False,0,False,False,,False
ファールプレーにくらり,Kanon Wakeshima,ToLOVEる,False,False,False,False,False,0,False,False,,False
secret arms,Ray,ToLOVEる,False,False,False,False,False,0,False,False,,False
Gardens,川田まみ,ToLOVEる,False,False,False,False,False,0,False,False,,False
Naked Dive,SCREEN mode,無彩限のファントム・ワールド,False,False,False,False,False,0,True,False,SCREEN mode,False
純真Always,田所あずさ,無彩限のファントム・ワールド,False,False,False,False,False,0,True,False,田所あずさ,False
恋色に咲け,CHiCO with HoneyWorks,告白実行委員会,False,False,False,False,False,0,False,False,,False
日曜日の秘密,HoneyWorks,告白実行委員会,False,False,False,False,False,0,False,False,,False
病名恋ワズライ,HoneyWorks,告白実行委員会,False,False,False,False,False,0,False,False,,False
Destiny - CV arrangement,HoneyWorks,告白実行委員会,False,False,False,False,False,0,False,False,,False
告白予行練習,HoneyWorks,告白実行委員会,False,False,False,False,False,0,False,False,,False
一分一秒君と僕の,HoneyWorks,告白実行委員会,False,False,False,False,False,0,False,False,,False
センパイ。,HoneyWorks,告白実行委員会,False,False,False,False,False,0,False,False,,False
好きと好きの方程式,HoneyWorks,告白実行委員会,False,False,False,False,False,0,False,False,,False
今好きになる。,HoneyWorks,告白実行委員会,False,False,False,False,False,0,False,False,,False
ロメオ,LIP×LIP,告白実行委員会,False,False,False,False,False,0,False,False,,False
花に赤い糸,Momo Asakura,告白実行委員会,False,False,False,False,False,0,True,False,麻倉もも,False
大嫌いなはずだった。,HoneyWorks,告白実行委員会,False,False,False,False,False,0,False,False,,False
ノンファンタジー,LIP×LIP,告白実行委員会,False,False,False,False,False,0,False,False,,False
必要不可欠,LIP×LIP,告白実行委員会,False,False,False,False,False,0,False,False,,False
東京ウインターセッション,HoneyWorks,告白実行委員会,False,False,False,False,False,0,False,False,,False
聞こえますか,HoneyWorks,告白実行委員会,False,False,False,False,False,0,False,False,,False
恋という贈り物,HoneyWorks,告白実行委員会,False,False,False,False,False,0,False,False,,False
Re:初恋の絵本,HoneyWorks,告白実行委員会,False,False,False,False,False,0,False,False,,False
Scarlet Ballet,May'n,緋弾のアリア,False,False,False,False,False,0,False,False,,False
カメリアの瞳,中野愛子,緋弾のアリア,False,False,False,False,False,0,False,False,,False
Bull’s Eye,NANO,緋弾のアリア,False,False,False,False,False,0,False,False,,False
パルス,TeamAA<間宮あかり(CV:佐倉綾音)×神崎・H・アリア(CV:釘宮理恵)>,緋弾のアリア,False,False,False,False,False,0,False,True,,False
緋色の空,川田まみ,灼眼のシャナ,False,False,False,False,False,0,False,False,,False
夜明け生まれ来る少女,Yoko Takahashi,灼眼のシャナ,False,False,False,False,False,0,False,False,,False
being,KOTOKO,灼眼のシャナ,False,False,False,False,False,0,False,False,,False
紅の静寂,Yoko Ishida,灼眼のシャナ,False,False,False,False,False,0,False,False,,False
JOINT,川田まみ,灼眼のシャナ,False,False,False,False,False,0,False,False,,False
triangle,川田まみ,灼眼のシャナ,False,False,False,False,False,0,False,False,,False
BLAZE,KOTOKO,灼眼のシャナ,False,False,False,False,False,0,False,False,,False
Sociometry,KOTOKO,灼眼のシャナ,False,False,False,False,False,0,False,False,,False
sense,川田まみ,灼眼のシャナ,False,False,False,False,False,0,False,False,,False
Prophecy,川田まみ,灼眼のシャナ,False,False,False,False,False,0,False,False,,False
All in good time,川田まみ,灼眼のシャナ,False,False,False,False,False,0,False,False,,False
portamento,川田まみ,灼眼のシャナ,False,False,False,False,False,0,False,False,,False
Light My Fire,KOTOKO,灼眼のシャナ,False,False,False,False,False,0,False,False,,False
I'll believe,Altima,灼眼のシャナ,False,False,False,False,False,0,False,False,,False
Serment,川田まみ,灼眼のシャナ,False,False,False,False,False,0,False,False,,False
ONE,Altima,灼眼のシャナ,False,False,False,False,False,0,False,False,,False
u/n,川田まみ,灼眼のシャナ,False,False,False,False,False,0,False,False,,False
赤い涙,川田まみ,灼眼のシャナ,False,False,False,False,False,0,False,False,,False
青春はNon-Stop!,Ayane Sakura,SHOW BY ROCK!,False,False,False,False,False,0,False,True,,False
キミと☆Are You Ready?,トライクロニカ,SHOW BY ROCK!,False,False,False,False,False,0,False,True,,False
Have a nice MUSIC!!,Ayane Sakura,SHOW BY ROCK!,False,False,False,False,False,0,False,True,,False
Falling Roses,Kishou Taniyama,SHOW BY ROCK!,False,False,False,False,False,0,False,True,,False
迷宮DESTINY,Ayane Sakura,SHOW BY ROCK!,False,False,False,False,False,0,False,True,,False
Yes!アイドル宣言,Rie Murakawa,SHOW BY ROCK!,False,False,False,False,False,0,False,True,,False
旅路宵酔ゐ夢花火,Tsurezure naru Ayatsuri Mugenan,SHOW BY ROCK!,False,False,False,False,False,0,False,True,,False
流星ドリームライン - ballade version,Plasmagica,SHOW BY ROCK!,False,False,False,False,False,0,False,True,,False
Crimson quartet -深紅き四重奏-,Kishou Taniyama,SHOW BY ROCK!,False,False,False,False,False,0,False,True,,False
流星ドリームライン,Plasmagica,SHOW BY ROCK!,False,False,False,False,False,0,False,True,,False
ドレミファPARTY,Plasmagica,SHOW BY ROCK!,False,False,False,False,False,0,False,True,,False
ビビビーチ♥ビビビビーチ!,クリティクリスタ,SHOW BY ROCK!,False,False,False,False,False,0,False,True,,False
青春はOn-Going!,Plasmagica,SHOW BY ROCK!,False,False,False,False,False,0,False,True,,False
流離 ～SASURAI～,Saori Hayami,SHOW BY ROCK!,False,False,False,False,False,0,False,True,,False
今夜は星空ディスコティック☆,Mamoru Miyano,SHOW BY ROCK!,False,False,False,False,False,0,False,True,,False
My Song is YOU !!,Plasmagica,SHOW BY ROCK!,False,False,False,False,False,0,False,True,,False
x旋律-Schlehit Melodie-,BUD VIRGIN LOGIC,SHOW BY ROCK!,False,False,False,False,False,0,False,True,,False
背徳のカタストロフィ,シンガンクリムゾンズ,SHOW BY ROCK!,False,False,False,False,False,0,False,True,,False
ハートをRock!!,Plasmagica,SHOW BY ROCK!,False,False,False,False,False,0,False,True,,False
プラズマism,Plasmagica,SHOW BY ROCK!,False,False,False,False,False,0,False,True,,False
放て!どどどーん!,クリティクリスタ,SHOW BY ROCK!,False,False,False,False,False,0,False,True,,False
胸騒ぎJust☆Paradise,トライクロニカ,SHOW BY ROCK!,False,False,False,False,False,0,False,True,,False
ジャスタウェイク,ARCAREAFACT,SHOW BY ROCK!,False,False,False,False,False,0,False,True,,False
Cadenza,Amatelast(CV:宮野真守),SHOW BY ROCK!,False,False,False,False,False,0,False,True,,False
十六夜ゐ雪洞唄,Saori Hayami,SHOW BY ROCK!,False,False,False,False,False,0,False,True,,False
Re:Climb,シンガンクリムゾンズ,SHOW BY ROCK!,False,False,False,False,False,0,False,True,,False
断罪のソリテュード,BUD VIRGIN LOGIC,SHOW BY ROCK!,False,False,False,False,False,0,False,True,,False
絆エターナル,Plasmagica,SHOW BY ROCK!,False,False,False,False,False,0,False,True,,False
My Resolution～未来への絆～,Plasmagica,SHOW BY ROCK!,False,False,False,False,False,0,False,True,,False
Close to you,Ayane Sakura,SHOW BY ROCK!,False,False,False,False,False,0,False,True,,False
ヒロメネス,Mashumairesh!!,SHOW BY ROCK!,False,False,False,False,False,0,False,True,,False
まっしろスタートライン,Mashumairesh!!,SHOW BY ROCK!,False,False,False,False,False,0,False,True,,False
エールアンドレスポンス,Mashumairesh!!,SHOW BY ROCK!,False,False,False,False,False,0,False,True,,False
キミのラプソディー,Mashumairesh!!,SHOW BY ROCK!,False,False,False,False,False,0,False,True,,False
移動手段はバイクです,DOKONJOFINGER,SHOW BY ROCK!,False,False,False,False,False,0,False,True,,False
No problem!!,Mashumairesh!!,SHOW BY ROCK!,False,False,False,False,False,0,False,True,,False
Parallelism Crown,REIJINGSIGNAL,SHOW BY ROCK!,False,False,False,False,False,0,False,True,,False
ネオンテトラの空,REIJINGSIGNAL,SHOW BY ROCK!,False,False,False,False,False,0,False,True,,False
カバンには鉄板です,DOKONJOFINGER,SHOW BY ROCK!,False,False,False,False,False,0,False,True,,False
プラットホーム,Mashumairesh!!,SHOW BY ROCK!,False,False,False,False,False,0,False,True,,False
ドレミファSTARS!!,Plasmagica,SHOW BY ROCK!,False,False,False,False,False,0,False,True,,False
スピードアップ,Mashumairesh!!,SHOW BY ROCK!,False,False,False,False,False,0,False,True,,False
檸檬と蜂蜜 - アプリ「SHOW BY ROCK!!」,Plasmagica,SHOW BY ROCK!,False,False,False,False,False,0,False,True,,False
星空ライトストーリー,Mashumairesh!!,SHOW BY ROCK!,False,False,False,False,False,0,False,True,,False
Final Opinion,Yokazenohorizon(CV:古川 慎),SHOW BY ROCK!,False,False,False,False,False,0,False,True,,False
Do!It!Happy大冒険!,Plasmagica,SHOW BY ROCK!,False,False,False,False,False,0,False,True,,False
プラズマジカル☆ミュージカル♪,Plasmagica,SHOW BY ROCK!,False,False,False,False,False,0,False,True,,False
OBENTO MAGNUM,DOKONJOFINGER,SHOW BY ROCK!,False,False,False,False,False,0,False,True,,False
I'm JOKER,シンガンクリムゾンズ,SHOW BY ROCK!,False,False,False,False,False,0,False,True,,False
きゅきゅきゅん♥ハートシェイカー,クリティクリスタ,SHOW BY ROCK!,False,False,False,False,False,0,False,True,,False
ain't nobody STOP,REIJINGSIGNAL,SHOW BY ROCK!,False,False,False,False,False,0,False,True,,False
メイド in わたし♪,GoGoしんGoず!,SHOW BY ROCK!,False,False,False,False,False,0,False,True,,False
乙女陽炎,Tsurezure naru Ayatsuri Mugenan,SHOW BY ROCK!,False,False,False,False,False,0,False,True,,False
パステージ,ARCAREAFACT,SHOW BY ROCK!,False,False,False,False,False,0,False,True,,False
ランナーズハイ!!,Plasmagica,SHOW BY ROCK!,False,False,False,False,False,0,False,True,,False
EMPIRE DOMINATOR,BUD VIRGIN LOGIC,SHOW BY ROCK!,False,False,False,False,False,0,False,True,,False
はじまりのうた,REIJINGSIGNAL,SHOW BY ROCK!,False,False,False,False,False,0,False,True,,False
キミはボクのプリンセス☆,トライクロニカ,SHOW BY ROCK!,False,False,False,False,False,0,False,True,,False
メリケンサックに特攻です,DOKONJOFINGER,SHOW BY ROCK!,False,False,False,False,False,0,False,True,,False
アノカナタリウム,Mashumairesh!!,SHOW BY ROCK!,False,False,False,False,False,0,False,True,,False
♡km/h,Ray,ろんぐらいだぁす!,False,False,False,False,False,0,False,False,,False
キミと,Ray,ろんぐらいだぁす!,False,False,False,False,False,0,False,False,,False
Starting up,ChouCho,ろんぐらいだぁす!,False,False,False,False,False,0,False,False,,False
lull ～そして僕らは～,Ray,凪のあすから,False,False,False,False,False,0,False,False,,False
アクアテラリウム,yanaginagi,凪のあすから,False,False,False,False,False,0,False,False,,False
ebb and flow,Ray,凪のあすから,False,False,False,False,False,0,False,False,,False
三つ葉の結びめ,yanaginagi,凪のあすから,False,False,False,False,False,0,False,False,,False
lull ～Earth color of a calm～,Ray,凪のあすから,False,False,False,False,False,0,False,False,,False
mnemonic,yanaginagi,凪のあすから,False,False,False,False,False,0,False,False,,False
絶対称賛!,MARUMOCHI from HoneyWorks,笑顔の絶えない職場です．,False,False,False,False,False,0,False,False,,False
Thankful,Sizuk,笑顔の絶えない職場です．,False,False,False,False,False,0,False,False,,False
やさしさに包まれたなら,Maaya Sakamoto,たまゆら,False,False,False,False,False,0,True,False,坂本真綾,False
メロディ,中島愛,たまゆら,False,False,False,False,False,0,True,False,中島愛,False
ナイショのはなし,中島愛,たまゆら,False,False,False,False,False,0,True,False,中島愛,False
夏鳥,中島愛,たまゆら,False,False,False,False,False,0,True,False,中島愛,False
おかえりなさい,Maaya Sakamoto,たまゆら,False,False,False,False,False,0,True,False,坂本真綾,False
神様のいたずら,中島愛,たまゆら,False,False,False,False,False,0,True,False,中島愛,False
ももねこ音頭,沢渡楓（竹達彩奈）,たまゆら,False,False,False,False,False,0,False,True,,False
ヒマワリ,沢渡楓（竹達彩奈）,たまゆら,False,False,False,False,False,0,False,True,,False
夢の兆し,岡崎のりえ（井口裕香）,たまゆら,False,False,False,False,False,0,False,True,,False
星空,中島愛,たまゆら,False,False,False,False,False,0,True,False,中島愛,False
ずっと一緒,保志まなみ（中島愛）,たまゆら,False,False,False,False,False,0,False,True,,False
希望のカタチ,塙かおる（阿澄佳奈）,たまゆら,False,False,False,False,False,0,False,True,,False
あしたの陽だまり,沢渡楓（竹達彩奈）,たまゆら,False,False,False,False,False,0,False,True,,False
A HAPPY NEW YEAR,Maaya Sakamoto,たまゆら,False,False,False,False,False,0,True,False,坂本真綾,False
花火,清浦夏実,たまゆら,False,False,False,False,False,0,False,False,,False
はじまりの海,Maaya Sakamoto,たまゆら,False,False,False,False,False,0,True,False,坂本真綾,False
ありがとう,中島愛,たまゆら,False,False,False,False,False,0,True,False,中島愛,False
つつまれて,marble,たまゆら,False,False,False,False,False,0,False,False,,False
おかえりなさい～acoustic ver.～,Maaya Sakamoto,たまゆら,False,False,False,False,False,0,True,False,坂本真綾,False
神様のいたずら ～うたとぴあの～,中島愛,たまゆら,False,False,False,False,False,0,True,False,中島愛,False
風色のフィルム,中島愛,たまゆら,False,False,False,False,False,0,True,False,中島愛,False
最後の春休み,千菅春香,たまゆら,False,False,False,False,False,0,False,False,,False
これから,Maaya Sakamoto,たまゆら,False,False,False,False,False,0,True,False,坂本真綾,False
これから～うたとピアノ～,Maaya Sakamoto,たまゆら,False,False,False,False,False,0,True,False,坂本真綾,False
卒業写真,Maaya Sakamoto,たまゆら,False,False,False,False,False,0,True,False,坂本真綾,False
My Dear SiSTARS!,大室櫻子(CV:加藤英美里),大室家,False,False,False,False,False,0,False,True,,False
大げさに愛と呼ぶんだ,大室花子 (CV.日高里菜),大室家,False,False,False,False,False,0,False,True,,False
My Sunny Side!,大室櫻子(CV:加藤英美里),大室家,False,False,False,False,False,0,False,True,,False
パッチワーク・エトセトラ!,大室撫子 (CV.斎藤千和),大室家,False,False,False,False,False,0,False,True,,False
Shining Sky,everying !,大家さんは思春期,False,False,False,False,False,0,True,False,everying !,False
リテラチュア,上田麗奈,魔女の旅々,False,False,False,False,False,0,True,False,上田麗奈,False
灰色のサーガ,ChouCho,魔女の旅々,False,False,False,False,False,0,False,False,,False
Paradise Lost,茅原実里,喰霊,False,False,False,False,False,0,True,False,茅原実里,False
夢の足音が聞こえる,水原薫,喰霊,False,False,False,False,False,0,True,False,水原薫,False
霊喰い,Yousei Teikoku,喰霊,False,False,False,False,False,0,False,False,,False
カラフルストーリー,everying !,レーカン！,False,False,False,False,False,0,True,False,everying !,False
ケサランパサラン,everying !,レーカン！,False,False,False,False,False,0,True,False,everying !,False
聖数3の二乗,いとうかなこ,オカルティックナイン,False,False,False,False,False,0,False,False,,False
Open your eyes,亜咲花,オカルティックナイン,False,False,False,False,False,0,False,False,,False
サタデー・ナイト・クエスチョン,中島愛,ネト充のススメ,False,False,False,False,False,0,True,False,中島愛,False
ひかり、ひかり,相坂優歌,ネト充のススメ,False,False,False,False,False,0,False,False,,False
Sunday Morning,ILLIT,姫様”拷問”の時間です,False,False,False,False,False,0,False,False,,False
1st Love Story,Luce Twinkle Wink☆,ネトゲの嫁は女の子じゃないと思った？,False,False,False,False,False,0,True,False,Luce Twinkle Wink☆,False
ゼロイチキセキ,Yoshino Nanjo,ネトゲの嫁は女の子じゃないと思った？,False,False,False,False,False,0,True,False,南條愛乃,False
リトライ☆ランデヴー,Nyaa-tan,えとたま,False,False,False,False,False,0,False,True,,False
blue moment,ソルラルBOB,えとたま,False,False,False,False,False,0,False,True,,False
Remember,yuigot,超かぐや姫！,False,False,False,False,False,0,False,False,,False
星降る海,Aqu3ra,超かぐや姫！,False,False,False,False,False,0,False,False,,False
私は、わたしの事が好き。,HoneyWorks,超かぐや姫！,False,False,False,False,False,0,False,False,,False
ワールドイズマイン - かぐや&月見ヤチヨ ver. - CPK! Remix,ryo (supercell),超かぐや姫！,False,False,False,False,False,0,False,True,,False
Ex-Otogibanashi,ryo (supercell),超かぐや姫！,False,False,False,False,False,0,False,True,,False
ハッピーシンセサイザ - Cover,かぐや(cv.夏吉ゆうこ),超かぐや姫！,False,False,False,False,False,0,False,True,,False
瞬間、シンフォニー。,40mP,超かぐや姫！,False,False,False,False,False,0,False,True,,False
Reply,kz,超かぐや姫！,False,False,False,False,False,0,False,True,,False
ray - 超かぐや姫！ Version,かぐや(cv.夏吉ゆうこ),超かぐや姫！,False,False,False,False,False,0,False,True,,False
メルト - かぐや ver. - CPK! Remix,ryo (supercell),超かぐや姫！,False,False,False,False,False,0,False,True,,False
えとにゃんらん,鈴木愛奈,えとたま,False,False,False,False,False,0,True,False,鈴木愛奈,False
お姫様にはなれない,『ユイカ』,姫様”拷問”の時間です,False,False,False,False,False,0,False,False,,False
ふめつのあなた,Perfume,不滅のあなたへ,False,False,False,False,False,0,False,False,,False
フレンドファンファーレ,DIALOGUE+,弱キャラ友崎くん,False,False,False,False,False,0,True,False,DIALOGUE+,False
We Can Do!!,Kaori Ishihara,魔王の娘は優しすぎる,False,False,False,False,False,0,True,False,石原夏織,False
たのしいかくれんぼ,Dou(CV.Misaki Kuno),魔王の娘は優しすぎる,False,False,False,False,False,0,False,True,,False
いっこにこにこ,Jahy (CV. Ayaka Ohashi),魔王の娘は優しすぎる,False,False,False,False,False,0,False,True,,False
High Free Spirits,TrySail,ハイスクール・フリート,False,False,False,False,False,0,True,False,TrySail,False
Ripple Effect,Luna Haruna,ハイスクール・フリート,False,False,False,False,False,0,False,False,,False
Free Turn,TrySail,ハイスクール・フリート,False,False,False,False,False,0,True,False,TrySail,False
ホシノキズナ,神樹ヶ峰女学園星守クラス,バトルガールハイスクール,False,False,False,False,False,0,False,True,,False
Deep-Connect,f*f（CV:本渡楓 & CV:下地紫野）,バトルガールハイスクール,False,False,False,False,False,0,False,True,,False
Melody Ring,f*f（CV:本渡楓 & CV:下地紫野）,バトルガールハイスクール,False,False,False,False,False,0,False,True,,False
Cat-Cat Romance,f*f（CV:本渡楓 & CV:下地紫野）,バトルガールハイスクール,False,False,False,False,False,0,False,True,,False
Gravity,f*f（CV:本渡楓 & CV:下地紫野）,バトルガールハイスクール,False,False,False,False,False,0,False,True,,False
Perfect-area complete!,麻生夏子,バカとテストと召喚獣,False,False,False,False,False,0,False,False,,False
バカ・ゴー・ホーム,milktub,バカとテストと召喚獣,False,False,False,False,False,0,False,False,,False
晴れときどき笑顔　,姫路瑞希（原田ひとみ）島田美波（水橋かおり）木下秀吉（加藤英美里）霧島翔子（磯村知美）,バカとテストと召喚獣,False,False,False,False,False,0,False,True,,False
恋愛向上committee,麻生夏子,バカとテストと召喚獣,False,False,False,False,False,0,False,False,,False
月曜はキライ,milktub,バカとテストと召喚獣,False,False,False,False,False,0,False,False,,False
君＋謎＋私でJUMP!!,Larval Stage Planning,バカとテストと召喚獣,False,False,False,False,False,0,True,False,Larval Stage Planning,False
エウレカベイビー,麻生夏子,バカとテストと召喚獣,False,False,False,False,False,0,False,False,,False
バカと個室と孤独飯,milktub,バカとテストと召喚獣,False,False,False,False,False,0,False,False,,False
Hi-Ho!!,milktub,バカとテストと召喚獣,False,False,False,False,False,0,False,False,,False
叫べ,沼倉愛美,魔法少女育成計画,False,False,False,False,False,0,True,False,沼倉愛美,False
DREAMCATCHER,NANO,魔法少女育成計画,False,False,False,False,False,0,False,False,,False
残念系隣人部★★☆,友達つくり隊,僕は友達が少ない,False,False,False,False,False,0,False,True,,False
私のキ・モ・チ,三日月夜空(井上麻里奈),僕は友達が少ない,False,False,False,False,False,0,False,True,,False
FLOWER,羽瀬川小鷹(木村良平),僕は友達が少ない,False,False,False,False,False,0,False,True,,False
Shock Your Eyes,志熊理科(福圓美里),僕は友達が少ない,False,False,False,False,False,0,False,True,,False
漢の生きる道,楠幸村(山本希望),僕は友達が少ない,False,False,False,False,False,0,False,True,,False
ゆけゆけゲルニカちゃん!,羽瀬川小鳩(花澤香菜),僕は友達が少ない,False,False,False,False,False,0,False,True,,False
二人の季節,三日月夜空&柏崎星奈(井上麻里奈&伊藤かな恵),僕は友達が少ない,False,False,False,False,False,0,False,True,,False
Be My Friend,隣人部,僕は友達が少ない,False,False,False,False,False,0,False,True,,False
僕らの翼,隣人部,僕は友達が少ない,False,False,False,False,False,0,False,True,,False
純粋なフジュンブツ,StylipS,マンガ家さんとアシスタントさんと,False,False,False,False,False,0,True,False,StylipS,False
Spica.,StylipS,マンガ家さんとアシスタントさんと,False,False,False,False,False,0,True,False,StylipS,False
Choose me♡ダーリン,StylipS,この中に1人，妹がいる,False,False,False,False,False,0,True,False,StylipS,False
Heavenly Lover,鶴眞心乃枝/ 神凪 雅/ 国立凜香/ 天導愛菜/ 嵯峨良芽依,この中に1人，妹がいる,False,False,False,False,False,0,False,True,,False
Brand-new Style!! ～魔法みたいなShow time～,StylipS,この中に1人，妹がいる,False,False,False,False,False,0,True,False,StylipS,False
初恋EVOLUTION,StylipS,この中に1人，妹がいる,False,False,False,False,False,0,True,False,StylipS,False
となりどうし。,神凪雅(佐倉綾音),この中に1人，妹がいる,False,False,False,False,False,0,False,True,,False
Bitter Sweet Harmony,中島愛,すのはら荘の管理人さん,False,False,False,False,False,0,True,False,中島愛,False
そんなの僕じゃない。,下地紫野,すのはら荘の管理人さん,False,False,False,False,False,0,True,False,下地紫野,False
NOISY LOVE POWER☆,大橋彩香,魔法少女　俺,False,False,False,False,False,0,True,False,大橋彩香,False
ハチミツフラッシュ-変わるわね-,マジカルツイン さき(cv.大橋彩香)&桜世(cv.三澤紗千香),魔法少女　俺,False,False,False,False,False,0,False,True,,False
硝子の銀河,STAR⭐︎PRINCE 桃拾(cv.豊永利行)&兵衛(cv.遊佐浩二),魔法少女　俺,False,False,False,False,False,0,False,True,,False
デート・ア・ライブ,sweet ARMS,デート・アライブ,False,False,False,False,False,0,True,False,sweet ARMS,False
SAVE THE WORLD,野水いおり,デート・アライブ,False,False,False,False,False,0,True,False,野水いおり,False
SAVE MY HEART,野水いおり,デート・アライブ,False,False,False,False,False,0,True,False,野水いおり,False
ストロベリーレイン,野水いおり,デート・アライブ,False,False,False,False,False,0,True,False,野水いおり,False
恋のEveryDay☆HappyDay - Full Size,五河琴里 (CV: 竹達彩奈),デート・アライブ,False,False,False,False,False,0,False,True,,False
Trust in you,sweet ARMS,デート・アライブ,False,False,False,False,False,0,True,False,sweet ARMS,False
Day to Story,佐土原かおり,デート・アライブ,False,False,False,False,False,0,True,False,佐土原かおり,False
monochrome - Full Size,誘宵美九 (CV: 茅原実里),デート・アライブ,False,False,False,False,False,0,False,True,,False
My Treasure,誘宵美九 (CV: 茅原実里),デート・アライブ,False,False,False,False,False,0,False,True,,False
Invisible Date,sweet ARMS,デート・アライブ,False,False,False,False,False,0,True,False,sweet ARMS,False
Go☆サマーガール,誘宵美九 (CV: 茅原実里),デート・アライブ,False,False,False,False,False,0,False,True,,False
I swear,sweet ARMS,デート・アライブ,False,False,False,False,False,0,True,False,sweet ARMS,False
Last Promise,山崎エリイ,デート・アライブ,False,False,False,False,False,0,True,False,山崎エリイ,False
Only wish,Luiza,デート・アライブ,False,False,False,False,False,0,False,False,,False
Precious,RinamooN,デート・アライブ,False,False,False,False,False,0,False,False,,False
OveR,富田美憂,デート・アライブ,False,False,False,False,False,0,True,False,富田美憂,False
S.O.S,sweet ARMS,デート・アライブ,False,False,False,False,False,0,True,False,sweet ARMS,False
Paradoxes,富田美憂,デート・アライブ,False,False,False,False,False,0,True,False,富田美憂,False
ヒトヒラ,sweet ARMS,デート・アライブ,False,False,False,False,False,0,True,False,sweet ARMS,False
ぐだふわエブリデー,悠木碧,スライム倒して300年，知らないうちにレベルMAXになってました,False,False,False,False,False,0,True,False,悠木碧,False
Viewtiful Days!,和氣あず未,スライム倒して300年，知らないうちにレベルMAXになってました,False,False,False,False,False,0,True,False,和氣あず未,False
Deep In Abyss - Anime Intro Version,Miyu Tomita,メイドインアビス,False,False,False,False,False,0,False,True,,False
So☆Lucky,Yui Ogura,スライム倒して300年，知らないうちにレベルMAXになってました,False,False,False,False,False,0,True,False,小倉唯,False
イニミニマニモ,大西亜玖璃,スライム倒して300年，知らないうちにレベルMAXになってました,False,False,False,False,False,0,True,False,大西亜玖璃,False
Shocking Blue,伊藤美来,武装少女マキャベリズム,False,False,False,False,False,0,True,False,伊藤美来,False
セイシュンゼミナール,Study,僕たちは勉強ができない,False,False,False,False,False,0,False,True,,False
Never Give It Up!!,Study,僕たちは勉強ができない,False,False,False,False,False,0,False,True,,False
"Can now, Can now",Study,僕たちは勉強ができない,False,False,False,False,False,0,False,True,,False
放課後のリバティ,halca,僕たちは勉強ができない,False,False,False,False,False,0,False,False,,False
Bokutachi wa Benkyou ga Dekinai - Kankei Houteishiki 「関係≧方程式」,Nightcore Music,僕たちは勉強ができない,False,False,False,False,False,0,False,True,,False
ミライファンファーレ,流川ガールズ,普通の女子高生が”ろこどる”やってみた,False,False,False,False,False,0,False,True,,False
未来少女たち,流川ガールズ,普通の女子高生が”ろこどる”やってみた,False,False,False,False,False,0,False,True,,False
流川ガールズソング,流川ガールズ,普通の女子高生が”ろこどる”やってみた,False,False,False,False,False,0,False,True,,False
レインボーバトン,流川ガールズ,普通の女子高生が”ろこどる”やってみた,False,False,False,False,False,0,False,True,,False
black bullet,fripSide,ブラックブレッド,False,False,False,False,False,0,False,False,,False
トコハナ,yanaginagi,ブラックブレッド,False,False,False,False,False,0,False,False,,False
忘れない為に,yanaginagi,ブラックブレッド,False,False,False,False,False,0,False,False,,False
God Save The Girls,下地紫野,ステラのまほう,False,False,False,False,False,0,True,False,下地紫野,False
ヨナカジカル,たまきとゆみね（CV:長縄まりあ・前川涼子）,ステラのまほう,False,False,False,False,False,0,False,True,,False
プ・レ・ゼ・ン・ト,下地紫野,ステラのまほう,False,False,False,False,False,0,True,False,下地紫野,False
Countless days,陽菜 (CV: 本泉莉奈),プランダラ,False,False,False,False,False,0,False,True,,False
Plunderer,伊藤美来,プランダラ,False,False,False,False,False,0,True,False,伊藤美来,False
孤高の光 Lonely dark,伊藤美来,プランダラ,False,False,False,False,False,0,True,False,伊藤美来,False
Reason of Life,陽菜 (CV: 本泉莉奈),プランダラ,False,False,False,False,False,0,False,True,,False
初恋モーメント,Faulieu.,カナン様はあくまでチョロい,False,False,False,False,False,0,False,False,,False
ポップ・スナック・ジャンクなHUNNY,あおぎり高校,カナン様はあくまでチョロい,False,False,False,False,False,0,False,False,,False
しあわせフレーバー,ARCANA PROJECT,メイドさんは食べるだけ,False,False,False,False,False,0,False,False,,False
無敵We are one!!,イロドリミドリ,イロドリミドリ,False,False,False,False,False,0,False,True,,False
brilliant better,イロドリミドリ,イロドリミドリ,False,False,False,False,False,0,False,True,,False
私の中の幻想的世界観及びその顕現を想起させたある現実での出来事に関する一考察,イロドリミドリ,イロドリミドリ,False,False,False,False,False,0,False,True,,False
フォルテシモBELL,イロドリミドリ,イロドリミドリ,False,False,False,False,False,0,False,True,,False
ハート・ビート,イロドリミドリ,イロドリミドリ,False,False,False,False,False,0,False,True,,False
DETARAME ROCK&ROLL THEORY,イロドリミドリ,イロドリミドリ,False,False,False,False,False,0,False,True,,False
Change our MIRAI！,イロドリミドリ,イロドリミドリ,False,False,False,False,False,0,False,True,,False
乙女どもよ。,CHiCO with HoneyWorks,荒ぶる季節の乙女どもよ,False,False,False,False,False,0,False,False,,False
ユメシンデレラ,Momo Asakura,荒ぶる季節の乙女どもよ,False,False,False,False,False,0,True,False,麻倉もも,False
恋人ツナギ,CHiCO with HoneyWorks,荒ぶる季節の乙女どもよ,False,False,False,False,False,0,False,False,,False
CRYまっくすド平日,Fujirokkyu Kakkokari,宇宙パトロールルル子,False,False,False,False,False,0,False,False,,False
Pipo Password,TeddyLoid,宇宙パトロールルル子,False,False,False,False,False,0,False,False,,False
Alteration,ZAQ,ささみさん＠がんばらない,False,False,False,False,False,0,False,False,,False
浸透圧シンフォニー,月読鎖々美(cv.阿澄佳奈),ささみさん＠がんばらない,False,False,False,False,False,0,False,True,,False
モノノケ・イン・ザ・フィクション,Lie and a Chameleon,虚構推理,False,False,False,False,False,0,False,False,,False
LAST DANCE,Mamoru Miyano,虚構推理,False,False,False,False,False,0,True,False,宮野真守,False
ヨトギバナシ,KanoeRana,虚構推理,False,False,False,False,False,0,False,False,,False
Invincible Love,Mamoru Miyano,虚構推理,False,False,False,False,False,0,True,False,宮野真守,False
ひとりぼっちのモノローグ,一里ぼっち(CV:森下千咲),ひとりぼっちの〇〇生活,False,False,False,False,False,0,False,True,,False
ね、いっしょにかえろ。,一里ぼっち(CV:森下千咲),ひとりぼっちの〇〇生活,False,False,False,False,False,0,False,True,,False
まけるなアル かがやけアル,本庄アル(CV:鬼頭明里),ひとりぼっちの〇〇生活,False,False,False,False,False,0,False,True,,False
爆笑ぼっち塾 校歌,一里ぼっち(CV:森下千咲),ひとりぼっちの〇〇生活,False,False,False,False,False,0,False,True,,False
COMIT COMET,Daoko,よわよわ先生,False,False,False,False,False,0,False,False,,False
よわよわ　つよつよ　みにみに　こわこわ,鶸村ひより (CV.高野麻里佳),よわよわ先生,False,False,False,False,False,0,False,True,,False
サブマリンユース,reGretGirl,クラスで２番目に可愛い子と友達になった,False,False,False,False,False,0,False,False,,False
Ciao Ciao,Sophià la Mode,一畳間まんきつ暮らし,False,False,False,False,False,0,False,False,,False
齧りかけの林檎,Ayana Taketatsu,デンキ街の本屋さん,False,False,False,False,False,0,True,False,竹達彩奈,False
two-Dimension's Love,denk!girls,デンキ街の本屋さん,False,False,False,False,False,0,False,True,,False
Light for Knight,Suzuko Mimori,ランス・アンド・マスクス,False,False,False,False,False,0,True,False,三森すずこ,False
Little*Lion*Heart,Ayana Taketatsu,ランス・アンド・マスクス,False,False,False,False,False,0,True,False,竹達彩奈,False
INTERNET ANGEL,Aiobahn +81,NEEDYGIRL OVERDOSE,False,False,False,False,False,0,False,False,,False
INTERNET OVERDOSE (Anime version),Aiobahn +81,NEEDYGIRL OVERDOSE,False,False,False,False,False,0,False,False,,False
れびてーしょん,Tatsuya Kitani,NEEDYGIRL OVERDOSE,False,False,False,False,False,0,False,False,,False
君のせいで愛してる,CHiCO with HoneyWorks,愛してるゲームを終わらせたい,False,False,False,False,False,0,False,False,,False
リトルワールド,PompadollS,愛してるゲームを終わらせたい,False,False,False,False,False,0,False,False,,False
Kill or Kiss,平手友梨奈,マリッジトキシン,False,False,False,False,False,0,False,False,,False
シャケナベイベー,AKASAKI,マリッジトキシン,False,False,False,False,False,0,False,False,,False
TRASH CANDY,GRANRODEO,文豪ストレイドッグス,False,False,False,False,False,0,True,False,GRANRODEO,False
名前を呼ぶよ,ラックライフ,文豪ストレイドッグス,False,False,False,False,False,0,False,False,,False
Reason Living,SCREEN mode,文豪ストレイドッグス,False,False,False,False,False,0,True,False,SCREEN mode,False
風が吹く街,ラックライフ,文豪ストレイドッグス,False,False,False,False,False,0,False,False,,False
Deadly Drive,GRANRODEO,文豪ストレイドッグス,False,False,False,False,False,0,True,False,GRANRODEO,False
僕ら,ラックライフ,文豪ストレイドッグス,False,False,False,False,False,0,False,False,,False
セツナの愛,GRANRODEO,文豪ストレイドッグス,False,False,False,False,False,0,True,False,GRANRODEO,False
Lily,ラックライフ,文豪ストレイドッグス,False,False,False,False,False,0,False,False,,False
WRIGHT LEFT,SCREEN mode,文豪ストレイドッグス,False,False,False,False,False,0,True,False,SCREEN mode,False
TRUE STORY,SCREEN mode,文豪ストレイドッグス,False,False,False,False,False,0,True,False,SCREEN mode,False
しるし,ラックライフ,文豪ストレイドッグス,False,False,False,False,False,0,False,False,,False
鉄の檻,GRANRODEO,文豪ストレイドッグス,False,False,False,False,False,0,True,False,GRANRODEO,False
軌跡,ラックライフ,文豪ストレイドッグス,False,False,False,False,False,0,False,False,,False
Cusp,ASCA,黒猫と魔女の教室,False,False,False,False,False,0,False,False,,False
ちゅーんあっぷ☆,スピラ・スピカ,黒猫と魔女の教室,False,False,False,False,False,0,False,False,,False
カラフルムーンライト,サンフラワードールズ,夜のクラゲは泳げない,False,False,False,False,False,0,False,True,,False
イロドリ,KanoeRana,夜のクラゲは泳げない,False,False,False,False,False,0,False,False,,False
1日は25時間。,JELEE,夜のクラゲは泳げない,False,False,False,False,False,0,False,True,,False
最強ガール,JELEE,夜のクラゲは泳げない,False,False,False,False,False,0,False,True,,False
lovely weather,サンフラワードールズ,夜のクラゲは泳げない,False,False,False,False,False,0,False,True,,False
月の温度,JELEE,夜のクラゲは泳げない,False,False,False,False,False,0,False,True,,False
渋谷アクアリウム,JELEE,夜のクラゲは泳げない,False,False,False,False,False,0,False,True,,False
1日は25時間。,ツルシマアンナ,夜のクラゲは泳げない,False,False,False,False,False,0,False,True,,False
青一色,JELEE,夜のクラゲは泳げない,False,False,False,False,False,0,False,True,,False
深海遊泳,JELEE,夜のクラゲは泳げない,False,False,False,False,False,0,False,True,,False
君へとつなぐココロ,中町かな（豊崎愛生）、久地院美華（釘宮理恵）天野咲紀（水原薫）,かなめも,False,False,False,False,False,0,False,True,,False
YAHHO!!,Yui Horie,かなめも,False,False,False,False,False,0,True,False,堀江由衣,False
カチューシャ Sung by カチューシャ&ノンナ,カチューシャ (CV.金元寿子),ガールズパンツァー,False,False,False,False,False,0,False,False,,False
あんこう音頭,佐咲紗花,ガールズパンツァー,False,False,False,False,False,0,False,False,,False
ハヤテのごとく!,KOTOKO,ハヤテのごとく,False,False,False,False,False,0,False,False,,False
Proof,MELL,ハヤテのごとく,False,False,False,False,False,0,False,False,,False
エプ･ロマネスク,Maria,ハヤテのごとく,False,False,False,False,False,0,False,True,,False
僕はキミのモノ,綾崎ハヤテ starring 白石涼子,ハヤテのごとく,False,False,False,False,False,0,False,True,,False
Get my way!,川田まみ,ハヤテのごとく,False,False,False,False,False,0,False,False,,False
Power of Flower,桂ヒナギク starring 伊藤静,ハヤテのごとく,False,False,False,False,False,0,False,True,,False
だめっ!,三千院ナギ starring 釘宮理恵,ハヤテのごとく,False,False,False,False,False,0,False,True,,False
七転八起☆至上主義!,KOTOKO,ハヤテのごとく,False,False,False,False,False,0,False,False,,False
Chasse,Kaori Utatsuki,ハヤテのごとく,False,False,False,False,False,0,False,False,,False
木の芽風,IKU,ハヤテのごとく,False,False,False,False,False,0,False,False,,False
Steppin',桂ヒナギク starring 伊藤静,ハヤテのごとく,False,False,False,False,False,0,False,True,,False
月虹蝶 (Anime version),Aiobahn +81,ハヤテのごとく,False,False,False,False,False,0,False,False,,False
Wonder Wind,Elisa,ハヤテのごとく,False,False,False,False,False,0,False,False,,False
本日､満開ワタシ色!,katsura hinagiku,ハヤテのごとく,False,False,False,False,False,0,False,True,,False
残酷な天使のテーゼ,桂ヒナギク starring 伊藤静,ハヤテのごとく,False,False,False,False,False,0,False,True,,False
本日､満開ワタシ色! (愛の手ver.) - 逢いの手 Version,katsura hinagiku,ハヤテのごとく,False,False,False,False,False,0,False,True,,False
本日､満開ワタシ色! (逢いの手ver.) - 逢いの手 Version,katsura hinagiku,ハヤテのごとく,False,False,False,False,False,0,False,True,,False
ストロウハット･ファンタジィ,三千院ナギ starring 釘宮理恵,ハヤテのごとく,False,False,False,False,False,0,False,True,,False
Do my Best!,桂ヒナギク starring 伊藤静,ハヤテのごとく,False,False,False,False,False,0,False,True,,False
ROUTINE?,Maria,ハヤテのごとく,False,False,False,False,False,0,False,True,,False
underage,綾崎ハヤテ starring 白石涼子,ハヤテのごとく,False,False,False,False,False,0,False,True,,False
daily-daily Dream,KOTOKO,ハヤテのごとく,False,False,False,False,False,0,False,False,,False
カラコイ～だから少女は恋をする～,三千院ナギ&綾崎ハヤテ starring 釘宮理恵&白石涼子,ハヤテのごとく,False,False,False,False,False,0,False,True,,False
アイ･ラブ･ユーならシャウトして!,白皇学院生徒会三人娘 starring 矢作紗友里＆中尾衣里＆浅野真澄,ハヤテのごとく,False,False,False,False,False,0,False,True,,False
ムテキをねらえっ,愛沢咲夜 starring 植田佳奈,ハヤテのごとく,False,False,False,False,False,0,False,True,,False
C'mon!!,Tachibana Wataru,ハヤテのごとく,False,False,False,False,False,0,False,True,,False
僕ら、駆け行く空へ,水蓮寺ルカ starring 山崎はるか,ハヤテのごとく,False,False,False,False,False,0,False,True,,False
Heaven is a Place On Earth,fripSide,ハヤテのごとく,False,False,False,False,False,0,False,False,,False
Invisible Message,Elisa,ハヤテのごとく,False,False,False,False,False,0,False,False,,False
Forever Star,水蓮寺ルカ starring 山崎はるか,ハヤテのごとく,False,False,False,False,False,0,False,True,,False
深淵,水蓮寺ルカ starring 山崎はるか,ハヤテのごとく,False,False,False,False,False,0,False,True,,False
Precious Nativity,水蓮寺ルカ starring 山崎はるか,ハヤテのごとく,False,False,False,False,False,0,False,True,,False
恋の罠,水蓮寺ルカ starring 山崎はるか,ハヤテのごとく,False,False,False,False,False,0,False,True,,False
CAN'T TAKE MY EYES OFF YOU,eyelis,ハヤテのごとく,False,False,False,False,False,0,False,False,,False
善き少女のためのパヴァーヌ,水蓮寺ルカ starring 山崎はるか,ハヤテのごとく,False,False,False,False,False,0,False,True,,False
リボン,majiko,メイドさんは食べるだけ,False,False,False,False,False,0,False,False,,False
-paradigm shift-,水蓮寺ルカ starring 山崎はるか,ハヤテのごとく,False,False,False,False,False,0,False,True,,False
"Here I am, Here we are",綾崎ハヤテ&三千院ナギ starring 白石涼子&釘宮理恵,ハヤテのごとく,False,False,False,False,False,0,False,True,,False
春ULALA LOVEよ来い!!!,桂ヒナギク starring 伊藤静,ハヤテのごとく,False,False,False,False,False,0,False,True,,False
ヒロインはここにいる!,綾崎ハヤテ starring 白石涼子,ハヤテのごとく,False,False,False,False,False,0,False,True,,False
アスタリスク,三千院ナギ starring 釘宮理恵,ハヤテのごとく,False,False,False,False,False,0,False,True,,False
急がばスマイル!(TV-EDIT),愛沢咲夜 starring 植田佳奈,ハヤテのごとく,False,False,False,False,False,0,False,True,,False
